code,report_year,roe,roe_diluted,eps,bvps,net_profit,net_profit_yoy,revenue_yoy,ocfps,gross_margin,asset_liability_ratio,roe_std_3y,prev_eps,prev_revenue_yoy
000027,2024,4.47,4.14,0.28,6.5,2005000000.0,-1.99,1.75,2.02,6.39,63.93,0.2953340857778227,0.27,7.94
000088,2024,9.55,7.55,0.3,3.44,1349000000.0,21.74,-11.16,0.05,174.12,24.34,2.030785288721801,0.26,11.99
000338,2024,13.69,13.15,1.31,9.93,11403000000.0,26.51,0.81,2.99,6.62,64.53,2.957510214127191,1.04,22.15
000408,2024,19.4,18.61,1.64,8.77,2580000000.0,-24.56,-37.79,0.58,79.04,8.2,12.97153036461003,2.18,-36.22
000422,2024,9.18,8.86,0.6108,6.8,653000000.0,44.32,-0.48,0.71,5.27,67.1,24.5678868986868,0.4688,-17.72
000423,2024,14.6,15.1,2.42,16.05,1557000000.0,35.29,25.57,3.37,26.3,21.05,2.8250939020775143,1.79,16.66
000498,2024,13.55,9.56,1.2281,9.61,2322000000.0,1.47,-2.3,-3.29,4.23,78.35,3.0319447371099764,1.3324,3.29
000581,2024,8.47,8.36,1.71,19.9,1660000000.0000002,-9.67,0.67,1.59,15.38,27.79,4.076079270846217,1.88,-12.86
000598,2024,11.5,10.99,0.6704,6.08,1996000000.0,8.28,11.9,1.23,22.71,59.64,0.17461067804945024,0.6204,5.99
000651,2024,25.42,23.42,5.83,24.53,32185000000.000004,10.91,-7.31,5.24,17.11,61.55,0.9557196241576291,5.22,7.82
000672,2024,7.09,7.01,0.6621,9.23,627000000.0,-15.7,-14.83,1.07,10.87,45.07,1.78982929043216,0.7813,-10.34
000690,2024,5.85,5.78,0.32,5.61,706000000.0,-20.6,-23.08,0.77,8.93,42.43,2.5023899687210136,0.41,9.13
000719,2024,9.19,8.96,1.01,11.23,1030000000.0000001,-25.84,0.24,1.34,10.57,36.45,1.7297591354482469,1.36,2.12
000726,2024,4.39,4.35,0.5,11.46,409999999.99999994,1.7,2.17,1.52,7.0,29.49,3.2597648176926306,0.47,-14.08
000800,2024,2.45,2.37,0.1266,5.35,622000000.0,-22.78,-8.93,-1.19,1.13,63.44,0.6800490178411162,0.1805,66.71
000880,2024,9.22,8.98,0.56,6.22,185000000.0,11.1,6.37,1.28,4.62,67.19,0.5052392172690744,0.5,8.9
000913,2024,14.62,14.12,1.2946,9.1,677000000.0,45.84,18.3,2.15,11.14,53.34,1.3965990437089983,0.8806,-9.75
000915,2024,17.56,17.71,2.2,12.43,516000000.0,-11.9,-14.08,3.97,47.13,10.52,1.9582361678022622,2.5,6.11
000921,2024,23.27,21.66,2.46,11.15,3347999999.9999995,17.99,8.35,3.7,5.53,72.2,4.638685158533612,2.08,15.5
000923,2024,6.04,5.88,0.8674,14.75,566000000.0,-37.95,-4.86,1.73,12.8,22.35,1.6559589366889504,1.3979,16.1
000933,2024,20.77,19.86,1.93,9.64,4307000000.0,-27.07,1.99,3.43,12.5,48.57,15.228322297613746,2.65,-11.89
000951,2024,9.85,9.66,1.27,13.04,1480000000.0,36.96,6.8,4.49,4.16,60.27,3.503636206381403,0.92,45.96
000990,2024,1.3,1.29,0.1897,14.67,231000000.0,29.98,-10.88,1.13,3.03,30.82,0.4179579989531112,0.146,5.98
001218,2024,4.98,4.95,0.8296,16.94,109000000.00000001,-19.6,12.31,2.0,2.99,22.99,0.6246599074696564,1.0772,6.72
001872,2024,7.51,7.34,1.81,24.59,4516000000.0,26.44,2.41,3.2,55.04,36.4,0.5540356988097028,1.43,-2.96
001965,2024,7.94,7.47,0.7681,9.66,5322000000.0,-21.35,30.62,1.04,46.7,44.22,1.517651694779361,1.0553,17.29
002004,2024,-1.85,-3.2,-0.1514,4.73,-299000000.0,-198.96,0.6,0.82,-2.94,47.46,2.629389451733784,0.1526,-12.38
002006,2024,10.08,6.32,0.32,4.48,147000000.0,-18.53,12.25,0.28,8.5,43.85,6.0974111081853595,0.4,-34.66
002027,2024,29.91,30.28,0.357,1.18,5155000000.0,6.8,3.01,0.46,41.36,24.03,6.78960152651751,0.3342,26.3
002029,2024,4.38,4.33,0.41,9.32,285000000.0,5.35,-8.84,0.35,10.33,38.0,0.8165510122188053,0.38,6.7
002056,2024,19.41,18.12,1.1335,6.2,1827000000.0,0.46,-5.95,2.17,9.85,57.58,1.6189777295839765,1.1277,1.39
002061,2024,8.94,8.63,0.5,5.84,1310000000.0,-2.78,3.75,0.42,2.94,78.18,2.026036086110566,0.52,-1.16
002074,2024,4.77,4.65,0.68,14.41,1207000000.0,28.56,11.98,1.5,3.26,72.28,1.306658163237637,0.53,37.11
002091,2024,7.13,7.05,0.68,9.38,1106000000.0,-31.06,4.76,1.04,4.81,51.41,2.7964898633028437,0.99,-13.18
002110,2024,-6.44,-6.66,-0.53,7.89,-1277000000.0,-91.21,-3.93,0.91,-2.75,62.49,2.8896635713445185,-0.27,-7.2
002128,2024,16.36,15.44,2.38,15.44,5342000000.0,17.15,11.23,3.55,19.66,25.3,0.9064215354899728,2.11,0.2
002142,2024,13.59,12.53,3.95,31.55,27127000000.0,6.23,8.19,12.87,40.85,92.5,0.8387424449071892,3.75,6.4
002155,2024,12.53,12.26,0.7,5.74,847000000.0000001,73.08,19.46,0.74,3.08,14.93,2.1619589882018264,0.41,10.75
002171,2024,3.58,3.04,0.18,4.97,229999999.99999997,-56.57,16.06,-0.44,0.53,57.13,2.6613446893545296,0.4,14.08
002202,2024,4.91,4.83,0.4206,8.65,1860000000.0000002,39.78,12.37,0.55,3.27,73.96,1.1961698132883232,0.2879,8.66
002204,2024,6.89,6.79,0.2591,3.79,498000000.00000006,37.12,18.97,0.3,3.49,72.16,1.0590037246813102,0.188,15.89
002215,2024,15.36,15.26,0.5869,3.81,585000000.0,148.1,28.37,1.3,10.61,63.68,3.683920013608692,0.2409,-3.41
002237,2024,5.67,5.45,0.47,8.17,537000000.0,4.07,15.59,0.36,0.68,60.63,0.22661764175711369,0.45,31.03
002240,2024,-4.97,-5.17,-0.69,13.14,-622000000.0,-188.51,-42.38,1.44,-13.84,43.31,32.52848222028743,0.77,-33.96
002246,2024,-0.99,-1.0,-0.05,5.15,-28305900.0,-150.99,-9.83,0.14,-1.82,34.34,1.804124903288757,0.1,-15.61
002293,2024,10.18,10.34,0.5209,5.04,433000000.0,-24.39,-14.22,1.02,9.44,31.8,1.6327141683575717,0.6837,0.03
002318,2024,19.85,18.91,1.55,8.06,1490000000.0,0.12,27.42,0.85,13.92,42.7,1.3591418861423792,1.53,31.07
002380,2024,12.02,11.3,1.05,9.28,252000000.0,56.64,19.55,0.92,15.46,40.58,15.4950235738948,0.68,21.9
002386,2024,-5.93,-6.15,-0.3531,5.74,-459999999.99999994,-1249.93,-27.22,0.18,-3.83,61.18,6.314139336089722,0.0325,-9.7
002478,2024,11.76,11.25,0.7,6.26,634000000.0,-19.0,-14.48,0.95,11.69,29.44,2.318030773451179,0.88,7.03
002507,2024,9.44,9.19,0.69,7.54,799000000.0,-3.29,-2.56,0.71,33.49,7.41,1.0947247244043694,0.72,-3.86
002545,2024,6.48,6.34,0.4536,7.15,564000000.0,-10.97,4.79,0.92,13.43,34.36,1.5218482914608213,0.5094,10.74
002563,2024,9.8,9.61,0.42,4.39,1137000000.0,1.42,7.06,0.47,7.76,38.08,1.9968642083693793,0.42,2.47
002612,2024,7.86,9.23,0.5813,6.3,256999999.99999997,1.38,-0.24,1.28,5.19,57.42,3.325470726913042,0.5734,24.41
002690,2024,24.31,23.28,0.7372,3.16,649000000.0,-12.84,-4.73,0.99,28.09,16.47,2.2572155905500533,0.8459,14.55
002758,2024,8.16,8.01,0.74,9.1,380000000.0,-0.22,2.53,0.18,1.82,59.56,3.472005504347915,0.74,-2.09
002768,2024,14.35,13.61,2.52,18.32,676000000.0,45.18,10.21,2.04,3.69,61.68,2.7233843324478135,1.72,30.08
002788,2024,11.29,10.93,0.89,8.14,346000000.0,-4.92,3.15,1.49,1.7,74.74,0.8240280469876148,0.94,1.97
002867,2024,15.72,15.89,0.93,5.8,1010000000.0,-23.25,-14.73,1.69,7.21,18.95,2.1930850923350467,1.21,46.52
002967,2024,9.58,10.56,0.61,5.72,352000000.0,76.59,11.01,1.47,11.21,47.86,1.929841674565271,0.35,10.94
002975,2024,1.32,1.23,0.16,12.08,22254200.0,138.89,36.17,-1.43,1.53,33.91,6.571576844427997,-0.41,-25.6
002993,2024,9.44,9.45,1.68,17.81,465000000.00000006,5.43,24.14,1.8,7.32,44.16,1.8950461735799482,1.59,15.84
300138,2024,2.75,3.02,0.1818,6.44,94049599.99999999,-80.39,1.79,-0.46,1.11,65.04,5.516792546398677,0.9017,9.14
300146,2024,5.81,5.91,0.39,6.53,653000000.0,-62.62,-27.3,0.41,9.47,22.29,4.121458749304938,1.03,19.66
300193,2024,11.36,11.41,0.54,4.53,254999999.99999997,25.46,9.9,0.48,20.28,26.14,1.3044624265275802,0.42,-6.97
300308,2024,31.23,27.03,4.72,17.07,5171000000.0,137.93,122.64,2.82,22.51,29.7,8.776325477606724,2.0,11.16
300349,2024,8.3,8.12,0.87,10.6,360000000.0,-11.88,-3.43,0.87,11.98,39.05,1.1544791995623926,1.0,15.91
300357,2024,13.89,13.5,0.607,4.5,318000000.0,2.46,9.1,0.5,32.89,9.24,2.094315056421921,0.5924,-5.34
300358,2024,-10.17,-10.56,-0.7668,7.26,-453000000.0,-242.76,-14.94,0.21,-7.9,67.56,10.3881674140448,0.5466,6.33
300373,2024,11.78,11.44,1.85,16.13,1002000000.0,8.5,11.53,2.56,16.58,35.8,3.2457288173160057,1.74,0.12
300394,2024,36.74,33.76,2.4257,7.18,1344000000.0,84.07,67.74,2.28,41.3,15.85,8.372160215061982,1.3201,62.04
300407,2024,5.25,5.23,0.3,5.64,93892400.0,-2.51,10.57,0.79,3.76,43.56,0.2747524137999316,0.31,4.55
300438,2024,-4.82,-4.96,-0.5,10.11,-252000000.0,-685.72,14.83,-0.42,-4.06,68.87,10.051740590011708,0.09,-23.54
300442,2024,19.5,17.96,1.04,5.79,1789999999.9999998,1.62,0.32,1.22,41.67,63.11,8.472958292250837,1.03,60.27
300458,2024,5.63,5.57,0.26,4.73,167000000.0,626.15,36.76,0.31,7.29,15.58,2.7950790090204367,0.04,10.49
300533,2024,-17.04,-19.5,-1.06,5.41,-247000000.00000003,-190.47,0.17,-0.68,-7.99,47.42,13.895482079518587,1.19,36.01
300552,2024,-20.19,-20.19,-1.8116,8.97,-386000000.0,-0.15,2.33,-0.98,-41.42,34.34,8.316902468267058,-1.8089,4.11
300556,2024,-47.4,-61.81,-3.0,4.65,-364000000.0,-1679.87,-58.91,-1.17,-62.63,67.63,24.26583377691541,0.19,10.82
300619,2024,-5.01,-5.19,-0.603,12.4,-80714500.0,-186.13,-33.0,-3.44,-6.03,60.54,6.415922900617391,0.8069,23.79
300628,2024,30.68,29.59,2.0951,7.08,2648000000.0,31.72,29.28,1.99,47.1,8.46,2.429394071688567,1.5906,-9.61
300681,2024,3.74,3.46,0.28,8.02,71002100.0,-13.79,23.77,1.17,2.92,60.81,0.968744892459654,0.33,-2.12
300684,2024,10.32,9.9,0.6761,6.79,200999999.99999997,173.04,24.51,0.8,12.8,19.5,3.1589168326430435,0.2594,-20.99
300850,2024,1.28,1.28,0.18,13.78,65377700.00000001,-82.56,4.32,1.24,2.91,47.61,3.531763802345161,1.12,6.41
300926,2024,29.96,24.63,1.51,5.74,613000000.0,98.74,62.55,-0.15,14.5,64.65,6.549057608202539,0.76,86.96
300976,2024,7.32,7.09,2.56,35.75,242000000.0,229.47,83.55,1.1,9.32,17.91,2.1807796770879904,0.78,-4.87
301031,2024,17.52,16.12,2.83,17.5,187000000.0,59.8,34.11,1.84,13.16,48.19,2.8802353298915624,1.77,40.41
301039,2024,7.42,7.55,0.56,7.67,1085000000.0,-55.8,-16.3,1.17,5.15,34.14,4.596136058328415,1.22,6.21
301097,2024,-0.06,-0.06,-0.01,20.14,-744000.0,-101.17,9.98,1.0,-1.49,33.57,3.465294600270901,1.08,-4.61
301128,2024,10.97,11.19,1.3202,11.8,97547700.0,74.99,67.09,0.64,10.59,41.38,2.608652270170685,0.7545,47.65
301186,2024,7.52,6.72,1.31,18.22,96599700.0,1.24,14.91,1.25,13.7,31.82,0.7639517145881815,1.31,22.67
301200,2024,6.24,5.87,0.72,12.21,301000000.0,122.2,104.56,0.37,8.96,28.53,2.4772700027785963,0.32,-41.34
301280,2024,10.65,10.27,1.92,18.5,186000000.0,26.38,31.77,0.58,12.3,30.07,4.425742875495593,1.5,16.56
301283,2024,5.12,5.21,0.9853,18.74,78156900.0,-27.7,23.27,-1.05,3.89,22.27,2.8893944002160734,1.3512,20.5
301289,2024,7.82,7.71,0.97,12.52,75278900.0,2.18,6.93,2.21,27.7,18.24,1.6512083117792524,0.94,25.11
301338,2024,4.91,4.81,0.66,13.78,70516200.0,34.12,15.75,-0.76,8.36,35.79,5.5994821189106405,0.49,-5.04
301607,2024,13.28,9.46,1.05,9.01,94605200.0,-1.9,5.38,0.23,4.89,56.24,3.5019454910409764,1.16,11.2
600000,2024,6.28,6.08,1.36,22.36,45257000000.0,23.31,-1.55,-11.37,26.84,92.13,1.1405554202521977,1.07,-8.05
600008,2024,11.77,11.46,0.4806,2.83,3528000000.0,119.14,-6.01,0.56,20.67,64.77,2.82673348977618,0.2193,-3.82
600011,2024,13.14,7.38,0.46,3.65,10135000000.0,20.01,-3.48,3.22,5.75,65.4,14.490319373828708,0.35,3.11
600018,2024,11.67,11.22,0.644,5.73,14954000000.0,13.26,1.51,0.4,42.14,30.49,2.264528403197648,0.5691,0.73
600019,2024,3.65,3.67,0.34,9.12,7362000000.0,-38.36,-6.6,1.26,2.66,39.66,1.1951011114824832,0.54,-6.55
600027,2024,11.66,8.47,0.46,4.14,5703000000.0,26.11,-3.57,1.6,6.05,61.55,6.0240481036887115,0.35,9.45
600036,2024,14.49,12.1,5.66,41.46,148391000000.0,1.22,-0.48,17.72,44.32,89.85,1.0699636546267453,5.63,-1.64
600057,2024,7.15,5.96,0.48,6.14,1419000000.0,-9.86,-20.12,2.51,0.52,71.96,4.720176550370406,0.63,-14.7
600060,2024,11.91,11.47,1.716,15.0,2246000000.0,7.17,9.17,2.75,4.39,46.42,0.8087164040763748,1.622,17.22
600096,2024,26.21,23.85,2.9073,12.19,5333000000.0,17.93,-10.89,5.86,9.82,52.26,9.075477336696338,2.4691,-8.3
600153,2024,4.22,4.09,0.82,19.2,2946000000.0,-77.52,-8.17,3.8,0.83,70.29,8.469903580718418,4.29,-8.3
600160,2024,11.59,11.01,0.73,6.59,1960000000.0000002,107.69,18.43,1.02,8.9,31.25,4.321738333381861,0.35,-3.88
600166,2024,0.56,0.56,0.01,1.81,80542800.0,-91.14,-14.97,0.16,0.09,71.99,2.833247057509967,0.115,20.78
600177,2024,6.83,6.72,0.6,8.91,2767000000.0,-19.41,3.19,0.33,19.43,41.95,3.0435651609401906,0.75,-7.23
600180,2024,0.84,0.84,0.0618,7.26,66591500.0,-77.37,-21.44,-0.73,0.23,74.58,2.2680436993634454,0.2774,-28.24
600183,2024,12.17,11.67,0.74,6.14,1739000000.0,49.37,22.92,0.6,9.16,40.29,1.5996944152625594,0.5,-7.93
600210,2024,13.59,13.13,0.533,4.06,809000000.0,44.55,16.69,0.65,7.94,49.75,1.5310199940635072,0.369,-5.13
600219,2024,9.9,9.6,0.41,4.33,4830000000.0,39.03,16.06,0.66,17.79,19.98,1.057113470205015,0.3,-17.47
600262,2024,11.45,10.98,1.05,9.59,179000000.0,26.25,21.43,2.14,7.11,58.18,1.062115289829164,0.83,7.54
600269,2024,7.05,6.85,0.55,7.99,1279000000.0,8.65,-20.12,1.11,22.26,44.71,1.2900645978658072,0.5,10.86
600285,2024,24.8,23.52,1.287,5.42,723000000.0,27.19,5.72,1.54,20.64,38.6,2.2818316229633497,1.012,10.31
600288,2024,-1.73,-1.75,-0.0733,4.2,-32016400.0,-164.15,-24.4,0.21,-2.54,29.14,2.402531072755471,0.1143,0.42
600350,2024,8.95,7.38,0.54,6.14,3196000000.0,-3.07,7.34,1.41,14.22,64.56,0.4231889517566465,0.574,18.62
600352,2024,6.0,5.92,0.63,10.54,2030000000.0,32.36,3.8,2.85,14.83,48.27,2.070496451471375,0.4861,-27.9
600362,2024,9.58,8.93,2.01,22.51,6962000000.0,7.03,-0.18,0.72,1.43,54.54,0.5129219130519667,1.88,8.74
600378,2024,8.66,6.16,0.9531,13.27,1053999999.9999999,-10.94,-3.83,0.57,7.91,41.72,2.7038039047896123,1.0674,-13.4
600415,2024,16.1,14.99,0.56,3.74,3074000000.0,14.85,39.27,0.82,19.56,47.48,4.138963906851838,0.49,48.3
600461,2024,13.63,12.67,0.97,7.25,1190000000.0,9.89,2.22,1.54,16.26,57.33,0.418754767800386,0.99,3.43
600502,2024,10.41,8.71,0.78,6.38,1345000000.0,-13.43,5.76,0.71,2.1,86.51,0.5720334100576837,0.91,13.88
600511,2024,12.24,11.68,2.6509,22.7,2000000000.0,-6.8,1.81,2.2,4.21,45.67,0.9900953938327806,2.8443,9.23
600517,2024,7.55,7.32,0.275,3.76,1574000000.0,15.39,3.6,0.76,27.62,45.66,0.7563655788630845,0.239,0.32
600519,2024,36.02,36.99,68.64,185.56,86228000000.0,15.38,15.66,73.61,52.27,19.04,2.40303974166055,59.49,18.04
600549,2024,14.36,10.87,1.2094,10.02,1728000000.0,7.88,-10.66,1.95,7.69,46.44,0.3611401697709938,1.1351,-18.3
600566,2024,18.18,17.22,2.76,15.95,2532000000.0,-10.32,-16.96,2.36,31.64,20.22,2.060620187117353,3.08,7.32
600569,2024,-76.38,-123.56,-1.139,0.92,-3271000000.0,-110.46,-29.68,-0.45,-11.39,89.51,23.131517219778058,-0.541,7.43
600582,2024,11.12,10.73,0.633,5.9,2622000000.0,11.17,2.0,1.23,11.29,46.24,0.5295910371849833,0.57,9.16
600583,2024,8.47,8.23,0.49,5.94,2161000000.0,33.38,-2.59,0.87,7.3,41.38,0.9478513713775082,0.37,4.75
600590,2024,-33.24,-32.06,-1.16,3.62,-991000000.0,-1862.01,1.71,0.04,-21.6,65.04,16.52379563605839,0.07,-30.82
600598,2024,14.33,13.94,0.612,4.39,1087000000.0,2.21,5.83,0.84,20.35,15.39,0.2666249967442831,0.598,18.37
600600,2024,15.38,14.95,3.191,21.3,4345000000.0,1.81,-5.3,3.78,13.98,41.93,0.3691431519975235,3.139,5.49
600660,2024,22.72,21.01,2.87,13.68,7498000000.0,33.2,18.37,3.28,19.12,43.58,2.14760331532618,2.16,18.02
600683,2024,-122.07,-16.43,-1.86,0.57,-1055000000.0000001,-59.98,-86.69,-8.38,-101.92,87.8,49.206390506383066,-1.33,91.65
600690,2024,17.7,16.83,2.02,11.87,18741000000.0,12.92,4.29,2.83,6.85,59.19,0.4104469108991642,1.79,7.33
600694,2024,6.88,6.74,1.87,27.78,586000000.0,16.05,-5.2,3.44,9.25,49.37,0.29427877939124314,1.61,0.75
600704,2024,8.15,7.29,0.58,7.74,3079000000.0,-14.88,3.34,0.8,0.83,67.07,1.8558436236804958,0.68,0.63
600710,2024,15.81,15.34,0.88,5.73,1148000000.0,11.69,-4.75,3.95,2.78,73.56,0.1948218559493666,0.79,-12.87
600737,2024,14.44,14.88,0.8011,5.38,1713000000.0,-17.36,-1.86,1.23,5.37,41.48,5.0042271020497155,0.9694,24.53
600739,2024,0.72,0.72,0.14,19.15,210000000.0,-10.09,4.7,0.4,5.88,32.31,1.6762458053638793,0.153,-25.97
600741,2024,11.17,10.78,2.122,19.68,6691000000.0,-7.26,0.15,2.58,4.43,64.26,1.214248738932843,2.288,6.52
600742,2024,6.07,5.96,0.6847,11.5,509000000.0,-2.27,-5.44,2.09,3.82,56.59,0.6069230227595221,0.7013,3.98
600745,2024,-7.92,-8.24,-2.28,26.37,-2833000000.0,-339.83,20.23,3.61,-3.88,53.53,5.486166441352489,0.95,5.4
600795,2024,18.6,17.54,0.551,3.14,9831000000.0,75.28,-1.0,3.12,9.29,73.4,5.112953049744237,0.314,-7.02
600820,2024,9.4,8.2,0.9,9.74,2841000000.0,-3.54,-7.28,1.46,4.3,77.2,0.5692685365156468,0.94,2.62
600839,2024,4.87,4.8,0.1524,3.18,704000000.0,2.3,6.4,0.58,1.74,74.87,0.7196912918436317,0.149,5.38
600853,2024,13.15,11.18,0.41,3.15,413000000.0,23.59,4.95,2.6,2.34,82.4,0.8909919565667618,0.33,2.77
600873,2024,19.04,18.8,0.94,5.11,2740000000.0,-13.85,-9.69,1.62,10.93,38.79,7.158232246084847,1.06,-0.63
600894,2024,8.84,9.21,0.9373,10.08,811999999.9999999,6.56,-1.68,0.13,10.95,37.24,1.258049636893906,0.8857,4.54
600916,2024,11.03,10.99,0.49,4.43,818000000.0,-15.93,7.27,0.99,1.37,41.51,1.1463856244737196,0.58,19.61
600927,2024,4.56,4.49,0.4,8.8,575000000.0,-21.07,-8.76,1.47,2.65,81.5,0.6126626768096418,0.5,-31.5
600938,2024,19.36,18.45,2.9,15.73,137936000000.0,11.38,0.94,4.65,32.81,29.05,3.086317474848554,2.6,-1.33
600941,2024,10.36,10.2,6.45,63.05,138373000000.0,5.01,3.12,14.67,13.31,34.33,0.1144066820115365,6.16,7.69
600959,2024,1.63,1.62,0.07,4.5,365000000.0,7.46,5.04,0.22,5.4,37.5,0.05887840577551893,0.07,1.22
600968,2024,14.11,13.46,0.3597,2.67,3656000000.0,18.66,6.51,0.55,7.15,43.71,1.2579701462629742,0.3031,3.19
600970,2024,14.96,14.13,1.14,7.99,2983000000.0,2.31,0.72,0.87,6.99,61.28,0.5609713797413275,1.12,6.94
600989,2024,15.55,14.74,0.87,5.86,6338000000.0,12.16,13.21,1.21,19.22,51.98,1.8562746444304934,0.77,2.48
600999,2024,8.82,7.98,1.13,13.24,10386000000.0,18.51,5.4,6.29,49.73,81.94,0.5378351668184842,0.94,3.13
601089,2024,14.09,13.79,1.04,7.38,488999999.99999994,-0.02,3.17,1.44,14.28,26.17,2.7537287851606274,1.02,3.07
601107,2024,9.1,7.93,0.4771,5.36,1459000000.0,22.91,-11.07,1.21,14.93,68.08,1.9462157011892476,0.3881,10.12
601117,2024,9.5,9.13,0.93,10.19,5688000000.0,4.82,4.14,1.43,3.36,70.48,0.5107075701634181,0.89,13.1
601126,2024,16.62,15.64,0.87,5.49,716000000.0,14.09,20.86,1.5,10.3,58.54,1.140555420252198,0.75,13.24
601138,2024,15.85,15.2,1.17,7.69,23216000000.0,10.34,27.88,1.2,3.82,51.77,0.22171052197754565,1.06,-6.94
601139,2024,9.68,9.36,0.51,5.33,1457000000.0,1.19,-8.34,1.29,5.42,59.39,0.3796782263385086,0.5,2.88
601163,2024,8.38,8.2,1.38,16.8,1103000000.0,-21.03,-2.55,1.23,10.86,30.27,2.0203025076018246,1.75,13.03
601186,2024,7.69,6.77,1.46,19.45,22215000000.0,-14.87,-6.22,-2.31,2.54,77.31,1.386610575788635,1.73,3.8
601326,2024,8.29,8.1,0.28,3.46,1565000000.0,2.2,-2.69,0.43,22.94,27.29,0.3007028803025044,0.27,1.96
601339,2024,4.25,4.27,0.27,6.4,409999999.99999994,-18.62,14.86,0.92,5.17,33.29,5.547005198002492,0.34,-1.08
601528,2024,10.83,10.13,0.98,9.67,1922000000.0,11.27,15.29,-0.31,44.33,91.28,0.0740870359029763,0.88,7.9
601598,2024,10.05,9.9,0.5396,5.42,3918000000.0,-7.05,3.79,0.56,3.96,45.54,0.8179649544244948,0.5817,-6.94
601601,2024,16.6,15.43,4.67,30.29,44960000000.0,64.95,24.74,16.05,11.49,88.77,2.6042699979499484,2.83,-2.47
601668,2024,10.37,9.99,1.11,10.89,46187000000.0,-14.88,-3.46,0.38,2.87,75.81,1.5642321510000434,1.31,10.24
601686,2024,6.54,6.28,0.3,4.58,425000000.0,-25.46,-10.01,0.97,0.88,69.81,1.669817022577291,0.4,-9.56
601717,2024,18.34,17.92,2.212,12.29,3934000000.0000005,20.16,1.73,2.21,11.4,53.17,1.0627114168745695,1.853,13.67
601728,2024,7.34,7.3,0.36,4.94,33012000000.0,8.43,3.1,1.59,6.3,47.32,0.3805551500403353,0.33,6.92
601778,2024,2.07,2.04,0.09,4.34,324000000.0,-15.39,9.25,0.29,6.96,62.45,0.35612107803698206,0.11,36.72
601801,2024,6.08,6.15,0.36,5.86,705000000.0,-24.67,-4.4,0.61,6.67,39.74,0.9098107251266913,0.47,-3.79
601808,2024,7.36,7.16,0.6574,9.18,3137000000.0,4.11,9.51,2.31,7.04,46.44,0.6209848808322329,0.6315,23.7
601838,2024,17.81,14.98,3.28,19.15,12858000000.000002,10.17,5.9,-22.6,55.92,93.13,0.6847383928674277,3.01,7.22
601857,2024,11.1,10.87,0.9,8.28,164676000000.0,2.02,-2.48,2.22,6.25,37.89,0.12472191289246506,0.88,-7.04
601872,2024,13.21,12.75,0.63,4.92,5107000000.0,5.59,-0.32,1.04,20.19,42.16,1.8291224368228844,0.6,-12.88
601900,2024,9.99,9.79,0.92,9.23,810000000.0,-36.91,-2.07,1.47,10.25,48.0,2.8477047287635395,1.46,3.35
601919,2024,22.6,20.92,3.08,14.7,49100000000.0,105.78,33.29,4.34,23.69,42.7,20.44966503393149,1.48,-55.14
601958,2024,18.46,17.53,0.92,5.27,2983000000.0,-3.76,17.68,1.15,24.42,12.28,4.632222888515717,0.96,20.99
603027,2024,14.29,14.09,0.5015,3.55,513999999.99999994,-3.07,-4.16,0.33,16.73,18.57,1.4173449356690369,0.5352,31.62
603186,2024,-6.48,-6.7,-0.69,9.89,-97430300.0,19.16,14.97,1.19,-2.52,75.51,4.345948304647291,-0.85,2.31
603190,2024,4.32,4.29,0.75,17.52,90100700.0,-39.97,1.33,-1.66,5.2,42.49,3.3314294562878297,1.31,26.13
603236,2024,15.28,14.57,2.23,15.43,588000000.0,548.49,34.14,2.77,3.11,69.04,6.793393849910366,0.34,-2.59
603296,2024,13.56,12.98,2.89,22.19,2926000000.0,8.1,28.76,1.35,2.65,69.95,4.0758393818533465,2.84,-7.89
603299,2024,13.26,12.7,0.9834,7.74,769000000.0,4.15,-5.95,1.64,14.59,34.23,1.646470973526914,0.9536,-4.8
603367,2024,8.66,8.55,1.12,13.14,509000000.0,-2.38,-10.77,1.26,12.93,20.74,1.142696615710205,1.15,9.75
603368,2024,11.62,11.21,2.21,18.72,855000000.0000001,0.62,1.78,2.1,4.1,62.68,0.7582582380400199,2.35,9.23
603444,2024,19.79,19.28,13.15,68.05,944999999.9999999,-16.02,-11.69,17.33,31.9,18.63,5.1849675880268435,15.63,-19.02
603489,2024,2.35,2.41,0.27,11.26,63845800.0,-50.06,-17.66,0.71,4.71,16.27,7.148656439421949,0.54,-42.18
603588,2024,5.16,5.33,0.32,5.94,482000000.0,-4.52,37.04,0.5,3.74,63.71,2.3297543981191566,0.332,20.58
603611,2024,16.56,15.71,1.79,11.41,462000000.0,0.91,0.23,2.97,6.66,66.27,0.7898663740715203,1.78,3.89
603629,2024,1.5,1.48,0.1,6.38,24616400.0,-38.77,18.72,0.29,1.18,71.98,1.077167066377769,0.16,-6.53
603658,2024,13.92,13.86,2.07,14.83,1194000000.0,-1.89,0.62,2.25,26.82,26.81,0.6786424357167445,2.1,0.05
603699,2024,28.66,26.73,1.52,5.62,1156000000.0,60.1,12.5,1.45,18.69,49.31,5.569945142359024,0.96,36.59
603816,2024,14.72,14.39,1.74,11.98,1417000000.0,-29.38,-3.81,3.26,7.83,42.33,3.3109615924481313,2.44,6.67
603897,2024,8.73,9.23,1.14,12.4,236000000.0,9.05,17.21,-0.02,1.82,60.61,1.5793951022112516,1.05,10.5
603899,2024,16.64,15.67,1.5162,9.64,1396000000.0,-8.58,3.76,2.48,6.0,43.11,1.807004888390362,1.6577,16.78
603929,2024,40.41,34.77,2.98,8.57,636000000.0,121.66,68.09,7.51,11.79,54.2,11.137477272704082,1.34,5.33
605060,2024,8.28,8.06,0.78,9.65,187000000.0,-25.41,-9.32,1.23,17.07,18.31,1.86870721801642,1.05,8.09
605088,2024,13.57,12.29,1.74,12.96,298000000.0,4.83,26.41,1.73,7.26,57.28,0.6362564123230681,1.73,8.12
605099,2024,19.62,18.53,1.28,6.87,511000000.00000006,18.56,19.92,1.16,17.32,16.58,1.0983927652104541,1.08,-0.38
605266,2024,4.53,4.58,0.83,17.86,128000000.0,-69.08,2.23,3.25,1.38,73.83,5.766321762325328,2.69,20.84
605287,2024,-16.89,-18.63,-2.07,10.99,-287000000.0,-283.52,-32.26,3.25,-6.79,85.35,13.017609440890272,1.12,8.25
605377,2024,11.57,11.83,1.01,8.53,469000000.00000006,-17.18,-5.21,1.11,12.44,34.96,1.435463533342298,1.23,15.7
605507,2024,10.76,9.71,1.4,14.4,782000000.0,27.61,10.12,1.26,13.25,25.31,2.1393612753966234,1.1,-6.49
605599,2024,18.73,18.05,0.92,5.12,719000000.0,1.73,22.24,0.49,3.59,44.19,2.475134115333731,0.91,50.61
688062,2024,-50.28,-66.54,-2.61,3.93,-1044000000.0,0.9,56.28,-2.39,-523.85,63.61,9.969727512157325,-2.64,361.03
688160,2024,6.46,6.32,0.58,9.21,48891600.0,-19.43,8.09,0.96,8.93,24.05,2.8955252833754823,0.72,-6.09
688183,2024,8.24,7.77,0.4,5.14,332000000.0,1428.23,43.19,0.42,7.08,44.4,4.099140831388397,-0.03,-7.4
688236,2024,4.37,4.43,0.33,7.35,125000000.0,-55.01,-33.32,-0.005,15.47,18.59,3.171932463902022,0.72,0.58
688257,2024,8.4,8.22,1.0129,12.16,181000000.0,10.89,20.17,1.11,11.45,38.82,0.4823092599382915,0.9019,30.89
688298,2024,-7.54,-7.96,-2.69,32.96,-529000000.0,-33.06,0.95,-1.73,-68.71,16.1,14.812064902189253,-1.97,-90.65
688302,2024,-15.59,-16.73,-2.01,12.04,-199000000.0,32.18,0.0,-1.89,-54382.77,12.44,2.7747912834421737,-2.97,-100.0
688312,2024,6.99,6.76,0.66,9.84,96306100.0,40.46,52.2,0.26,18.85,16.53,0.7533038342306951,0.48,2.84
688316,2024,-71.89,-109.92,-2.0,1.82,-95757700.0,43.7,-18.95,-0.72,-35.24,84.87,7.936397167480972,-3.57,10.07
688333,2024,2.18,2.17,0.3848,17.73,104000000.0,-5.26,15.02,1.27,7.88,33.87,1.9429416414864915,0.6895,25.53
688369,2024,-19.33,-22.48,-2.05,9.1,-236000000.0,-371.0,-18.97,-0.86,-28.5,33.93,10.644237877837943,-0.44,1.18
688372,2024,5.06,4.9,1.13,23.01,128000000.0,8.67,46.21,5.46,11.91,46.76,7.003058062176995,1.04,0.48
688443,2024,-32.65,-37.5,-2.17,5.8,-797000000.0,0.5,2384.1,-1.57,-2649.19,32.41,138.37781549880827,-2.5,154.92
688499,2024,-51.89,-46.01,-8.12,13.45,-1044000000.0,-455.34,-50.3,0.41,-42.19,74.2,27.101568630288217,-1.7,18.81
688508,2024,4.52,4.47,0.87,18.98,111000000.00000001,87.18,23.61,0.31,11.31,15.69,1.1498115787670025,0.5,8.45
688595,2024,-21.14,-22.89,-1.23,4.82,-173000000.0,-20.51,62.22,-0.68,-24.52,55.36,8.931988704774668,-1.01,-29.91
688677,2024,10.45,10.38,1.12,10.81,135000000.0,-7.11,-5.9,0.93,30.2,10.59,2.32709165173088,1.2,-1.31
