code,latest_date,price,eps,bvps,roe,net_profit,total_shares,shareholders_equity,pe_ttm,pb,total_mv,dividend_yield
002039,2026-01-08,17.97,0.5103999972343445,5.0258002281188965,2.940999984741211,,172611440.0,2228515.5,35.20768044156018,3.5755499988756974,31.018275768,0
600502,2026-01-08,4.7,0.7799999713897705,3.572499990463257,0.7080000042915344,,18409682944.0,12444190720.0,6.025641246660229,1.3156053219164703,865.2550983680001,0
300193,2026-01-08,9.08,0.5400000214576721,1.0535000562667847,0.47999998927116394,,1494012160.0,209794176.0,16.814814146654133,8.61888895590207,135.656304128,0
600519,2026-01-08,1412.3,68.63999938964844,145.5084991455078,73.60600280761719,,59295821824.0,54343286784.0,20.57546638342465,9.705962251646254,837434.891620352,0
301186,2026-01-08,47.75,1.309999942779541,6.803500175476074,1.2489999532699585,,856681920.0,310320960.0,36.450383271532566,7.018446206868614,409.0656168,0
600545,2026-01-08,2.64,-0.07090000063180923,0.04650000110268593,-0.032999999821186066,,302648000.0,1162573056.0,,56.77419220206231,7.9899072,0
301338,2026-01-08,90.35,0.6600000262260437,3.2795000076293945,-0.7630000114440918,,856270464.0,468174720.0,136.8939339542632,27.54993132788861,773.640364224,0
688373,2026-01-08,6.57,-0.6700000166893005,-2.752700090408325,-0.6819999814033508,,386262624.0,52936424.0,,,25.377454396800005,0
300394,2026-01-08,195.25,2.4256999492645264,3.739799976348877,2.2790000438690186,,1978488192.0,350132320.0,80.49223073084531,52.208674590832075,3862.99819488,0
603856,2026-01-08,12.73,0.6600000262260437,4.935400009155273,0.36800000071525574,,365381312.0,304320224.0,19.287878021447376,2.5793248726315143,46.5130410176,0
603629,2026-01-08,28.28,0.10000000149011612,1.1999000310897827,0.2879999876022339,,369470336.0,378954304.0,282.7999957859517,23.568630108556057,104.4862110208,0
002204,2026-01-08,7.86,0.2590999901294708,1.521299958229065,0.30000001192092896,,2656522752.0,6054325248.0,30.33577884766573,5.1666339419017495,208.80268830720001,0
300684,2026-01-08,48.92,0.6761000156402588,1.524899959564209,0.8009999990463257,,338384416.0,159410176.0,72.35615865749291,32.080793033780736,165.53765630720002,0
688288,2026-01-08,27.99,-0.029999999329447746,-0.4666999876499176,-0.1899999976158142,,110150520.0,73566408.0,,,30.831130547999997,0
600600,2026-01-08,61.9,3.190999984741211,16.090499877929688,3.7790000438690186,,17978773504.0,3576387584.0,19.39830783327944,3.84699048939457,11128.860798975998,0
601801,2026-01-08,6.71,0.36000001430511475,2.920599937438965,0.609000027179718,,11495080960.0,1524388864.0,18.638888148246018,2.2974731711745187,771.319932416,0
601089,2026-01-08,27.52,1.0399999618530273,2.8652000427246094,1.4390000104904175,,794067776.0,347555456.0,26.461539432141944,9.604913998894947,218.5274519552,0
601668,2026-01-08,5.19,1.1100000143051147,9.192500114440918,0.3790000081062317,,424396062720.0,772146987008.0,4.6756756154179495,0.5645906919105492,22026.155655168004,0
600273,2026-01-08,9.51,0.7400000095367432,4.46150016784668,0.7149999737739563,,816672704.0,793624704.0,12.851351185729682,2.1315700195501623,77.6655741504,0
301289,2026-01-08,61.11,0.9700000286102295,2.7304000854492188,2.2139999866485596,,749374848.0,9215583.0,62.99999814180989,22.381335367540427,457.94296961279997,0
600742,2026-01-08,9.83,0.6847000122070312,7.308199882507324,2.0910000801086426,,9029910528.0,476329376.0,14.35665229260683,1.3450644697784986,887.6402049024,0
600989,2026-01-08,20.24,0.8700000047683716,3.3986001014709473,1.2130000591278076,,2477011200.0,1575171456.0,23.264367688582585,5.955393219472903,501.34706687999994,0
600569,2026-01-08,2.36,-1.1390000581741333,-2.2857000827789307,-0.45500001311302185,,5115399680.0,7556213760.0,,,120.723432448,0
600461,2026-01-08,9.31,0.9700000286102295,3.2327001094818115,1.5369999408721924,,2853831424.0,246334496.0,9.597937861237934,2.8799454588110107,265.69170557440003,0
688067,2026-01-08,25.79,0.3400000035762787,2.56030011177063,0.33000001311302185,,53722448.0,45678064.0,75.85294037861395,10.07303787608101,13.855019339199998,0
002563,2026-01-08,5.38,0.41999998688697815,1.7603000402450562,0.4690000116825104,,6285081600.0,3481423616.0,12.809524209456121,3.0562971521894844,338.13739008,0
605060,2026-01-08,36.15,0.7799999713897705,4.195099830627441,1.2350000143051147,,773051584.0,249759824.0,46.3461555461207,8.617196600680945,279.45814761599996,0
000880,2026-01-08,30.7,0.5600000023841858,3.020400047302246,1.284000039100647,,2660819456.0,820128320.0,54.82142833802773,10.164216500864034,816.871572992,0
603368,2026-01-08,18.34,2.2100000381469727,11.325699806213379,2.1010000705718994,,3683593216.0,2642354688.0,8.298642390693175,1.6193259854846687,675.5709958144,0
600683,2026-01-08,4.4,-1.8600000143051147,-1.4424999952316284,-8.385000228881836,,4026312192.0,44740796416.0,,,177.15773644800004,0
688257,2026-01-08,39.85,1.0128999948501587,3.9131999015808105,1.1150000095367432,,411930816.0,735480640.0,39.342482182453885,10.18348180574722,164.154430176,0
601958,2026-01-08,16.71,0.9200000166893005,1.6353000402450562,1.1519999504089355,,5693158400.0,395763808.0,18.163043148773387,10.218308315760783,951.32676864,0
605088,2026-01-08,37.75,1.7400000095367432,6.432000160217285,1.725000023841858,,1259953024.0,811357184.0,21.69540217994053,5.8690918936054155,475.63226656,0
601138,2026-01-08,61.33,1.1699999570846558,4.8867998123168945,1.1990000009536743,,72433672192.0,85265719296.0,52.41880534151374,12.550135539708688,44423.5711553536,0
002110,2026-01-08,4.41,-0.5299999713897705,4.811600208282471,0.9120000004768372,,7419632640.0,3203292672.0,,0.9165350006446558,327.205799424,0
600853,2026-01-08,4.43,0.4099999964237213,1.8875000476837158,2.5969998836517334,,5669056000.0,1692402304.0,10.804878143027452,2.347019808257152,251.1391808,0
600581,2026-01-08,3.44,-1.1349999904632568,-3.188699960708618,1.0329999923706055,,1394345600.0,2042941440.0,,,47.96548864,0
002246,2026-01-08,20.03,-0.05000000074505806,1.9545999765396118,0.14499999582767487,,1383318528.0,353947584.0,,10.247621119622005,277.0787011584,0
001258,2026-01-08,7.3,0.05000000074505806,0.7505000233650208,0.38100001215934753,,253903568.0,397756.53125,145.9999978244305,9.726848464666201,18.534960463999997,0
000717,2026-01-08,2.63,-0.4966999888420105,0.4968999922275543,0.5389999747276306,,661815616.0,1690553984.0,,5.29281553861566,17.4057507008,0
600036,2026-01-08,41.58,5.659999847412109,25.14189910888672,17.719999313354492,,794295992320.0,,7.346289950698743,1.6538130162690465,330268.273606656,0
688004,2026-01-08,24.69,-0.47999998927116394,1.2955000400543213,0.16200000047683716,,93625768.0,36031384.0,,19.058278067644622,23.1162021192,0
601528,2026-01-08,5.51,0.9800000190734863,3.1468000411987305,-0.3109999895095825,,13925783552.0,,5.622448870163569,1.7509851048244682,767.3106737152001,0
002975,2026-01-08,81.36,0.1599999964237213,4.887199878692627,-1.4329999685287476,,354379328.0,335855744.0,508.5000113658609,16.64756957347212,288.3230212608,0
600231,2026-01-08,2.16,-0.5899999737739563,0.42289999127388,-0.3400000035762787,,1325856768.0,1622178048.0,,5.107590552304205,28.6385061888,0
600288,2026-01-08,15.57,-0.07329999655485153,2.4003000259399414,0.20600000023841858,,834296320.0,429461728.0,,6.486689093753141,129.899937024,0
300358,2026-01-08,10.67,-0.7667999863624573,2.6149001121520996,0.2070000022649765,,1278390784.0,3480705280.0,,4.080461792943379,136.4042966528,0
600737,2026-01-08,16.87,0.8011000156402588,1.3327000141143799,1.2319999933242798,,836638144.0,8523664384.0,21.058544090174664,12.658512659512978,141.1408548928,0
603296,2026-01-08,95.1,2.890000104904175,10.783300399780273,1.3539999723434448,,13653152768.0,11476052992.0,32.90657319998723,8.819192313508934,12984.148282367998,0
603489,2026-01-08,29.59,0.27000001072883606,4.795400142669678,0.7059999704360962,,694377024.0,184541632.0,109.5925882377744,6.170496542448439,205.4661614016,0
600020,2026-01-08,4.25,0.3352000117301941,2.7455999851226807,0.9390000104904175,,497419648.0,4742151680.0,12.678997169668563,1.547931243818862,21.14033504,0
603167,2026-01-08,9.31,0.5799999833106995,4.102099895477295,0.5720000267028809,,200073920.0,158685712.0,16.05172459981389,2.2695693028501314,18.626881952,0
300442,2026-01-08,59.81,1.0399999618530273,1.5400999784469604,1.2170000076293945,,4825756160.0,1770105728.0,57.50961749405558,38.835141118768476,2886.284759296,0
600285,2026-01-08,21.27,1.2869999408721924,3.3417999744415283,1.5440000295639038,,1228377856.0,434973664.0,16.52680728608693,6.364833372037649,261.27596997119997,0
600690,2026-01-08,26.12,2.0199999809265137,8.450300216674805,2.8289999961853027,,55583842304.0,43044413440.0,12.930693191402673,3.091014440937606,14518.4996098048,0
600795,2026-01-08,4.97,0.5509999990463257,1.6304999589920044,3.119999885559082,,15436732416.0,6148361216.0,9.019963717971157,3.0481448175395944,767.2056010751999,0
300645,2026-01-08,19.0,0.09000000357627869,2.847599983215332,1.3580000400543213,,427092928.0,376130240.0,211.1111027223096,6.672285472675972,81.14765632,0
300619,2026-01-08,47.21,-0.6029999852180481,1.8992999792099,-3.438999891281128,,539283520.0,595400576.0,,24.856526360643223,254.59574979200002,0
600469,2026-01-08,6.62,0.38999998569488525,-0.272599995136261,0.2750000059604645,,912752384.0,1404706304.0,16.974359596974775,,60.4242078208,0
601126,2026-01-08,31.12,0.8700000047683716,2.1140999794006348,1.5049999952316284,,3532161536.0,1966627584.0,35.770114746476786,14.72021205393644,1099.2086700032,0
002006,2026-01-08,23.45,0.3199999928474426,1.1691999435424805,0.27799999713897705,,1658528640.0,449980576.0,73.2812516379636,20.056449822389162,388.92496608,0
600082,2026-01-08,4.29,0.014800000004470348,0.9300000071525574,1.121000051498413,,493467936.0,1917394560.0,289.864864777311,4.612903190328973,21.1697744544,0
600938,2026-01-08,28.39,2.9000000953674316,12.414799690246582,4.646999835968018,,154196000768.0,5731999744.0,9.789654850477849,2.2867867954650922,43776.2446180352,0
688062,2026-01-08,43.9,-2.609999895095825,-12.000200271606445,-2.3940000534057617,,1192626688.0,211682032.0,,,523.5631160319999,0
000422,2026-01-08,14.94,0.61080002784729,1.5312000513076782,0.7089999914169312,,3242665984.0,1918458368.0,24.459723835728514,9.757052964595262,484.4542980096,0
002027,2026-01-08,7.62,0.3569999933242798,1.1282000541687012,0.46000000834465027,,3536558080.0,8271978.5,21.344538214258165,6.7541212853554535,269.485725696,0
601107,2026-01-08,6.14,0.4771000146865845,1.6708999872207642,1.2089999914169312,,2947628800.0,29867338.0,12.86941901276921,3.6746663755816793,180.98440832,0
600511,2026-01-08,29.08,2.650899887084961,17.746999740600586,2.1989998817443848,,10885677056.0,4955697664.0,10.969859760331262,1.6385868273538322,3165.5548878848,0
000338,2026-01-08,17.58,1.309999942779541,6.858399868011475,2.990000009536743,,72066924544.0,35675283456.0,13.419847914419737,2.5632801146511666,12669.365334835198,0
300635,2026-01-08,16.16,-0.35510000586509705,1.0230000019073486,-0.5120000243186951,,182707600.0,,,15.796676412385368,29.52554816,0
600352,2026-01-08,11.27,0.6320000290870667,8.753299713134766,2.8480000495910645,,18055794688.0,28832520192.0,17.83227766030277,1.2875144653265784,2034.8880613375998,0
603897,2026-01-08,26.75,1.1399999856948853,3.188800096511841,-0.017000000923871994,,988413760.0,696450304.0,23.464912575147604,8.388735320618323,264.4006808,0
605287,2026-01-08,28.8,-2.069999933242798,3.536099910736084,3.253000020980835,,1867382656.0,45193400.0,,8.144566252938514,537.806204928,0
600210,2026-01-08,7.5,0.5329999923706055,2.234100103378296,0.6520000100135803,,2036165248.0,1907572608.0,14.071294760516809,3.3570563774912636,152.7123936,0
300681,2026-01-08,26.52,0.2800000011920929,1.190600037574768,1.1720000505447388,,903518912.0,957323392.0,94.71428531104205,22.274482750748763,239.61321546239998,0
688280,2026-01-08,9.07,-0.7400000095367432,-4.463399887084961,0.020999999716877937,,78282216.0,590716224.0,,,7.1001969912,0
000915,2026-01-08,33.34,2.200000047683716,10.609399795532227,3.9670000076293945,,2118737536.0,70619224.0,15.154545126079537,3.142496337449736,706.3870945024,0
002478,2026-01-08,8.58,0.699999988079071,3.2434000968933105,0.9509999752044678,,2634737152.0,1088988416.0,12.25714306588076,2.645372061318722,226.0604476416,0
000531,2026-01-08,6.65,0.1599999964237213,2.6747000217437744,0.7300000190734863,,1090277248.0,160457728.0,41.56250092899429,2.4862601211123945,72.503436992,0
300168,2026-01-08,6.78,-0.47999998927116394,-2.6666998863220215,-0.02500000037252903,,1226386816.0,674583424.0,,,83.1490261248,0
002380,2026-01-08,29.56,1.0499999523162842,2.463099956512451,0.9150000214576721,,793202432.0,668489920.0,28.15238223086685,12.001136990743385,234.47063889919997,0
603886,2026-01-08,13.6,1.0399999618530273,3.178800106048584,1.559999942779541,,540910976.0,34516320.0,13.076923556581773,4.278343886462718,73.563892736,0
002128,2026-01-08,29.45,2.380000114440918,10.909099578857422,3.546999931335449,,2980013312.0,1257827840.0,12.373948984837781,2.6995811878989633,877.6139203839999,0
601518,2026-01-08,2.81,0.28999999165534973,1.5758999586105347,0.41600000858306885,,1670361856.0,145691536.0,9.689655451230296,1.7831081120641483,46.9371681536,0
600057,2026-01-08,8.34,0.47999998927116394,2.818700075149536,2.509999990463257,,18605821952.0,26426841088.0,17.37500038836152,2.9588107204196072,1551.7255507968,0
300438,2026-01-08,53.22,-0.5,2.9245998859405518,-0.4860000014305115,,1646404224.0,2797950208.0,,18.197361032476564,876.2163280128,0
300464,2026-01-08,6.4,-0.9843000173568726,-3.9660000801086426,0.19099999964237213,,197234160.0,205242592.0,,,12.62298624,0
688160,2026-01-08,139.15,0.5799999833106995,3.319000005722046,0.9620000123977661,,176044464.0,115931456.0,239.91380000688537,41.92527862612282,244.96587165600002,0
002690,2026-01-08,21.22,0.7372000217437744,1.0200999975204468,0.9950000047683716,,1560367744.0,283734240.0,28.78458949283014,20.801882218977916,331.1100352768,0
002798,2026-01-08,6.16,-1.559999942779541,-3.190700054168701,0.3370000123977661,,545688960.0,680728896.0,,,33.614439936,0
300373,2026-01-08,70.33,1.850000023841858,7.264200210571289,2.562000036239624,,3942231808.0,1227175040.0,38.01621572628259,9.681726544052527,2772.5716305664,0
688677,2026-01-08,45.68,1.1200000047683716,4.78439998626709,0.9309999942779541,,523890848.0,186514544.0,40.785714112070146,9.547696708284771,239.3133393664,0
002322,2026-01-08,12.53,0.7699999809265137,2.490799903869629,0.5339999794960022,,598226816.0,124049456.0,16.272727675815126,5.03051247935805,74.9578200448,0
603611,2026-01-08,23.91,1.7899999618530273,7.9394001960754395,2.9719998836517334,,1164410368.0,2905896704.0,13.357542184106032,3.011562512218374,278.4105189888,0
601601,2026-01-08,46.95,4.670000076293945,15.788999557495117,16.049999237060547,,29357000704.0,,10.053533026333255,2.97358929101449,13783.111830528,0
301097,2026-01-08,53.92,-0.009999999776482582,6.13670015335083,0.9980000257492065,,407228864.0,86799968.0,,8.786481114049217,219.5778034688,0
002293,2026-01-08,9.57,0.5209000110626221,2.4647998809814453,1.0190000534057617,,1142577792.0,1086618624.0,18.372047987630978,3.882668152430036,109.3446946944,0
000933,2026-01-08,29.3,1.9299999475479126,6.679500102996826,3.430999994277954,,3282589440.0,3563777536.0,15.181347562846305,4.3865558122911406,961.79870592,0
300349,2026-01-08,15.62,0.8700000047683716,4.8196001052856445,0.871999979019165,,968669760.0,563970752.0,17.95402289010178,3.2409327866993736,151.306216512,0
600959,2026-01-08,3.56,0.07000000029802322,0.689300000667572,0.21899999678134918,,5134491136.0,1782788352.0,50.85714264061986,5.1646597947950355,182.7878844416,0
300556,2026-01-08,19.52,-3.0,-0.3928000032901764,-1.1690000295639038,,536458848.0,67007548.0,,,104.71676712959999,0
600060,2026-01-08,23.87,1.715999960899353,11.432499885559082,2.755000114440918,,2683196672.0,5646621696.0,13.910256727214474,2.0879073027721,640.4790456064,0
300453,2026-01-08,9.07,0.4415999948978424,1.2441999912261963,0.7459999918937683,,289846784.0,195673584.0,20.538949512665212,7.289824838417853,26.2891033088,0
002507,2026-01-08,13.03,0.6899999976158142,3.585200071334839,0.7080000042915344,,3271612160.0,561511872.0,18.884058036265365,3.634385736009617,426.29106444799993,0
600583,2026-01-08,5.77,0.49000000953674316,3.4456000328063965,0.8709999918937683,,6067042304.0,754102592.0,11.775509974897929,1.6745994732593525,350.06834094079994,0
002318,2026-01-08,28.52,1.5499999523162842,4.908100128173828,0.8510000109672546,,2721215232.0,3413209344.0,18.40000056605187,5.810802399137591,776.0905841664,0
600362,2026-01-08,55.03,2.009999990463257,13.030400276184082,0.7239999771118164,,30375757824.0,44853329920.0,27.378109582635823,4.223201040153725,16715.7795305472,0
601728,2026-01-08,6.28,0.36000001430511475,2.1830999851226807,1.5880000591278076,,102008938496.0,3267036672.0,17.44444375126453,2.876643324995072,6406.1613375488005,0
300158,2026-01-08,6.12,-1.297700047492981,-1.3808000087738037,-0.14900000393390656,,584592000.0,775978304.0,,,35.7770304,0
600180,2026-01-08,3.64,0.061799999326467514,4.081600189208984,-0.7260000109672546,,3744931840.0,951438592.0,58.899677017327605,0.891807093115956,136.315518976,0
688508,2026-01-08,64.49,0.8700000047683716,4.261600017547607,0.3089999854564667,,392621600.0,309413312.0,74.12643637533057,15.132813904274292,253.20166983999997,0
603096,2026-01-08,17.72,0.7824000120162964,6.081399917602539,0.24199999868869781,,148417264.0,163807968.0,22.648261410853497,2.9138027822688772,26.2995391808,0
001872,2026-01-08,19.28,1.809999942779541,8.778499603271484,3.2039999961853027,,16630401024.0,269958016.0,10.651934038402517,2.1962750892891676,3206.3413174272005,0
603367,2026-01-08,18.43,1.1200000047683716,7.384900093078613,1.2610000371932983,,1160978944.0,810432704.0,16.45535707279888,2.495632949357465,213.9684193792,0
600566,2026-01-08,26.12,2.759999990463257,11.048500061035156,2.3610000610351562,,6669362688.0,569091584.0,9.463768148642583,2.3641218134321815,1742.0375341056,0
002155,2026-01-08,22.1,0.699999988079071,3.396699905395508,0.7390000224113464,,1139870080.0,576474432.0,31.571429109086807,6.506315133961386,251.91128768,0
002303,2026-01-08,4.07,0.18389999866485596,0.47450000047683716,0.2840000092983246,,1479072128.0,369419904.0,22.131593417883987,8.577449938693263,60.1982356096,0
002414,2026-01-08,16.15,-0.1046999990940094,0.19259999692440033,0.05400000140070915,,573566784.0,2160784128.0,,83.85254547194631,92.63103561599999,0
600027,2026-01-08,5.02,0.46000000834465027,1.0913000106811523,1.597000002861023,,5851104256.0,5160040960.0,10.913043280292326,4.600018281743337,293.7254336512,0
600598,2026-01-08,15.35,0.6119999885559082,0.6959999799728394,0.8399999737739563,,1586325632.0,159696720.0,25.081699815420382,22.054598335762908,243.500984512,0
601326,2026-01-08,3.5,0.2800000011920929,1.090399980545044,0.4320000112056732,,4280764160.0,140472576.0,12.499999946781568,3.209831311855399,149.8267456,0
001218,2026-01-08,23.18,0.8295999765396118,5.640399932861328,2.003000020980835,,662540480.0,446966144.0,27.941177260741156,4.1096376632713305,153.576883264,0
002206,2026-01-08,6.15,0.3499999940395355,1.3705999851226807,0.5569999814033508,,1189466368.0,1026444288.0,17.57142887066822,4.487085996465644,73.15218163200001,0
002004,2026-01-08,4.87,-0.15139999985694885,0.8070999979972839,0.8209999799728394,,3289723392.0,2253400832.0,,6.033948720213464,160.20952919040002,0
301200,2026-01-08,128.35,0.7200000286102295,0.6503999829292297,0.36899998784065247,,1539464448.0,898184768.0,178.26388180531865,197.3401035804852,1975.9026190079999,0
603236,2026-01-08,99.75,2.2300000190734863,6.358799934387207,2.7660000324249268,,1836721408.0,3259878400.0,44.73094132144619,15.686922222630493,1832.12960448,0
688312,2026-01-08,34.58,0.6600000262260437,2.628200054168701,0.257999986410141,,527789344.0,152121360.0,52.39393731199138,13.157293694272312,182.5095551552,0
002055,2026-01-08,5.78,-2.026099920272827,-3.644700050354004,-0.5479999780654907,,79430296.0,614267520.0,,,4.5910711088,0
603299,2026-01-08,11.06,0.9833999872207642,4.0447001457214355,1.6399999856948853,,2606087680.0,451764416.0,11.246695285462856,2.7344425053855943,288.23329740800006,0
300357,2026-01-08,30.46,0.6069999933242798,2.7334001064300537,0.5009999871253967,,1118840832.0,57733424.0,50.18121966226653,11.14363020925691,340.7989174272,0
600590,2026-01-08,10.39,-1.159999966621399,-0.6366000175476074,0.03700000047683716,,1260535808.0,2463459072.0,,,130.96967045120002,0
002545,2026-01-08,21.12,0.4535999894142151,2.0731000900268555,0.921999990940094,,3344970496.0,633884224.0,46.560847647449556,10.187641253600258,706.4577687552,0
601186,2026-01-08,7.8,1.4600000381469727,14.511199951171875,-2.313999891281128,,185703120896.0,286116347904.0,5.342465613836377,0.5375158516350055,14484.843429888,0
605507,2026-01-08,25.46,1.399999976158142,6.564300060272217,1.2640000581741333,,1909316992.0,1363411328.0,18.18571459541516,3.878555179719221,486.1121061632,0
600661,2026-01-08,10.3,-0.18000000715255737,-1.582900047302246,0.6069999933242798,,605010240.0,11043017.0,,,62.31605472,0
600916,2026-01-08,8.16,0.49000000953674316,1.818600058555603,0.9860000014305115,,6804141056.0,3794336768.0,16.653060900375582,4.4869678528884265,555.2179101696,0
002215,2026-01-08,10.89,0.586899995803833,1.791700005531311,1.2990000247955322,,1437506176.0,1197799040.0,18.555120255342278,6.078026436557764,156.54442256640002,0
603387,2026-01-08,8.47,0.4399999976158142,3.193700075149536,0.8339999914169312,,351595584.0,194455648.0,19.250000104308132,2.652096252214108,29.7801459648,0
603027,2026-01-08,10.12,0.5015000104904175,1.4678000211715698,0.32899999618530273,,1466059008.0,892530560.0,20.179461193038936,6.8946721992294355,148.3651716096,0
600160,2026-01-08,37.94,0.7300000190734863,3.411799907684326,1.0240000486373901,,2625008128.0,2283118848.0,51.972601381782596,11.120230091614847,995.9280837631999,0
300407,2026-01-08,11.85,0.30000001192092896,2.8278000354766846,0.7910000085830688,,871733504.0,672054464.0,39.49999843041108,4.190536760497082,103.30042022399999,0
603816,2026-01-08,31.7,1.7400000095367432,7.181700229644775,3.260999917984009,,2550154752.0,2211337216.0,18.218390704744763,4.41399654487778,808.3990563839999,0
600096,2026-01-08,34.7,2.9072999954223633,6.480899810791016,5.861999988555908,,6936853504.0,6069773824.0,11.935472794220157,5.3541947897763835,2407.0881658880003,0
300146,2026-01-08,12.23,0.38999998569488525,1.5753999948501587,0.40299999713897705,,2596956416.0,608881280.0,31.358975509214726,7.763107807527469,317.6077696768,0
600262,2026-01-08,27.77,1.0499999523162842,2.6928999423980713,2.140000104904175,,869207168.0,1415852800.0,26.447620248686484,10.312302942555808,241.3788305536,0
300926,2026-01-08,32.6,1.5099999904632568,3.3152999877929688,-0.1509999930858612,,528208992.0,1120134144.0,21.589404109862652,9.833197635216768,172.196131392,0
601857,2026-01-08,9.8,0.8999999761581421,5.366799831390381,2.2209999561309814,,216245993472.0,168337997824.0,10.888889177345943,1.8260416463978884,21192.107360256003,0
601163,2026-01-08,14.22,1.3799999952316284,7.594799995422363,1.2350000143051147,,2457618432.0,1193129088.0,10.304347861692,1.8723337031351535,349.47334103040004,0
002117,2026-01-08,12.08,0.2985000014305115,0.7544999718666077,0.49799999594688416,,301373760.0,147996160.0,40.469011531352145,16.01060364537123,36.405950208,0
688595,2026-01-08,35.16,-1.2300000190734863,-0.8378000259399414,-0.6800000071525574,,611591296.0,287655456.0,,,215.03549967359996,0
002091,2026-01-08,9.02,0.6800000071525574,4.582200050354004,1.0369999408721924,,14729828352.0,3843546624.0,13.264705742828575,1.9684867314562462,1328.6305173504,0
600970,2026-01-08,10.24,1.1399999856948853,6.4008002281188965,0.8669999837875366,,8465750528.0,2446451200.0,8.982456253065848,1.599799967981408,866.8928540672,0
600018,2026-01-08,5.46,0.6439999938011169,3.6842000484466553,0.3959999978542328,,32830783488.0,7457725952.0,8.478260951173523,1.4820042148096881,1792.5607784448,0
605020,2026-01-08,27.03,0.6700000166893005,3.7676000595092773,1.5369999408721924,,132482096.0,647541376.0,40.34328257716244,7.17432837165859,35.8099105488,0
002033,2026-01-08,9.24,0.3837999999523163,2.053299903869629,0.5989999771118164,,743154304.0,14421152.0,24.07503908584676,4.500073263816156,68.6674576896,0
603895,2026-01-08,30.95,-1.649999976158142,-2.969599962234497,0.2160000056028366,,94225392.0,478392960.0,,,29.162758824,0
688697,2026-01-08,16.25,1.0,2.188199996948242,0.8090000152587891,,229807456.0,1020829696.0,16.25,7.426195056513549,37.3437116,0
688333,2026-01-08,111.14,0.384799987077713,1.3446999788284302,1.2740000486373901,,1185787008.0,827393984.0,288.82537352464755,82.650406596147,1317.8836806912,0
600350,2026-01-08,9.48,0.5400000214576721,4.3506999015808105,1.409999966621399,,2763080960.0,896442688.0,17.555554857960484,2.1789597569245074,261.940075008,0
601717,2026-01-08,23.94,2.2119998931884766,8.176799774169922,2.2079999446868896,,4017662976.0,9453666304.0,10.822785332729742,2.927795795566035,961.8285164544001,0
002074,2026-01-08,40.67,0.6800000071525574,3.035900115966797,1.5010000467300415,,16548290560.0,7121300992.0,59.80882290031465,13.396356417032003,6730.189770752001,0
002171,2026-01-08,14.03,0.18000000715255737,1.3330999612808228,-0.4359999895095825,,2973883392.0,4325469696.0,77.94444134721061,10.524342065481859,417.23583989759993,0
688429,2026-01-08,13.78,-1.6299999952316284,-0.05220000073313713,-0.9710000157356262,,504492480.0,158268464.0,,,69.519063744,0
688236,2026-01-08,25.0,0.33000001311302185,3.1505000591278076,-0.004999999888241291,,1139778560.0,550842688.0,75.75757274724029,7.9352482243473,284.94464,0
603929,2026-01-08,119.0,2.9800000190734863,5.8491997718811035,7.506999969482422,,2483621376.0,8349006.0,39.93288565044988,20.34466331139338,2955.50943744,0
301283,2026-01-08,49.5,0.9853000044822693,2.577199935913086,-1.0529999732971191,,228108320.0,277942208.0,50.238505810227835,19.20689167736707,112.9136184,0
600863,2026-01-08,4.59,0.3400000035762787,0.8183000087738037,0.7820000052452087,,709326016.0,555395840.0,13.4999998580007,5.609189723556239,32.5580641344,0
605099,2026-01-08,36.12,1.2799999713897705,3.930500030517578,1.159000039100647,,942881024.0,564475904.0,28.218750630738224,9.189670454027098,340.5686258688,0
601996,2026-01-08,2.32,-0.10999999940395355,0.5443999767303467,-0.15600000321865082,,744445248.0,706845824.0,,4.261572555410205,17.2711297536,0
600745,2026-01-08,38.74,-2.2799999713897705,4.473800182342529,3.6089999675750732,,7834297344.0,8640655360.0,,8.659304935634234,3035.0067910656,0
300458,2026-01-08,44.09,0.25999999046325684,2.4612998962402344,0.3100000023841858,,1740581376.0,557376640.0,169.5769292969678,17.91329860589106,767.4223286784002,0
002404,2026-01-08,6.88,0.28999999165534973,1.1761000156402588,0.8820000290870667,,776209664.0,571590784.0,23.724138613688414,5.849842622657042,53.4032248832,0
002313,2026-01-08,10.46,-0.36000001430511475,-6.011300086975098,0.1120000034570694,,280710048.0,361321728.0,,,29.362271020800005,0
601808,2026-01-08,14.3,0.6574000120162964,5.181000232696533,2.309000015258789,,5974129664.0,2296494336.0,21.75235737544452,2.760084801725118,854.300541952,0
601900,2026-01-08,13.24,0.9200000166893005,7.081200122833252,1.475000023841858,,3683270144.0,1418954240.0,14.391304086760002,1.8697395597262907,487.66496706559997,0
603699,2026-01-08,53.31,1.5199999809265137,2.865499973297119,1.4459999799728394,,1441016576.0,2473254912.0,35.07236886115286,18.604083230424923,768.2059366656,0
002056,2026-01-08,20.04,1.1334999799728394,4.810200214385986,2.1649999618530273,,8975013888.0,3748702720.0,17.679753289876718,4.166146752076113,1798.5927831551999,0
002867,2026-01-08,12.12,0.9300000071525574,3.5355000495910645,1.6929999589920044,,1157530368.0,4270240768.0,13.03225796428605,3.4280865026156246,140.2926806016,0
300644,2026-01-08,37.05,0.7936000227928162,4.217100143432617,1.121999979019165,,142666128.0,435150752.0,46.68598656236755,8.785658092018227,52.857800424,0
000923,2026-01-08,22.71,0.8673999905586243,8.294300079345703,1.7339999675750732,,4264278272.0,729709440.0,26.181692699090615,2.738024882479473,968.4175955712001,0
300308,2026-01-08,595.45,4.71999979019165,9.476099967956543,2.822999954223633,,5053805056.0,7051320320.0,126.15466662464034,62.8370323248505,30092.882205952003,0
002443,2026-01-08,8.13,0.38940000534057617,3.819200038909912,1.121000051498413,,450560704.0,876736128.0,20.878273981761655,2.128718034450086,36.6305852352,0
600415,2026-01-08,16.19,0.5600000023841858,1.8966000080108643,0.8190000057220459,,5539191808.0,1357786880.0,28.910714162627656,8.536328130136368,896.7951537152001,0
000423,2026-01-08,50.14,2.4200000762939453,13.793299674987793,3.371000051498413,,5014910976.0,926249600.0,20.719007611266598,3.635098285504652,2514.4763633664,0
300639,2026-01-08,5.66,-1.0199999809265137,3.809999942779541,0.12200000137090683,,712357376.0,65662916.0,,1.48556432677288,40.3194274816,0
002386,2026-01-08,5.62,-0.3531000018119812,1.455899953842163,0.1770000010728836,,3183866880.0,1248305280.0,,3.8601553528239725,178.93331865599998,0
600000,2026-01-08,11.54,1.3600000143051147,7.849599838256836,-11.369999885559082,,525310984192.0,,8.485294028394776,1.4701386360814404,60620.887575756795,0
301280,2026-01-08,50.18,1.9199999570846558,5.698500156402588,0.5839999914169312,,637192128.0,301720224.0,26.135417250838763,8.805825852899192,319.7430098304,0
600968,2026-01-08,3.87,0.3596999943256378,1.2842999696731567,0.5460000038146973,,6665817600.0,1014116864.0,10.758965974562885,3.013314717265688,257.96714112,0
002793,2026-01-08,4.95,-0.9100000262260437,-0.08299999684095383,-0.14499999582767487,,456677248.0,459555616.0,,,22.605523776,0
002237,2026-01-08,13.88,0.4699999988079071,3.83489990234375,0.35899999737739563,,3727537152.0,10641880064.0,29.531914968520823,3.619390428291767,517.3821566976001,0
002788,2026-01-08,27.49,0.8899999856948853,5.025899887084961,1.4859999418258667,,576849600.0,2864755968.0,30.887640945900277,5.46966724718114,158.57595504,0
688121,2026-01-08,11.18,0.47999998927116394,4.129899978637695,1.0119999647140503,,452497216.0,485376160.0,23.291667187275998,2.707087352679151,50.5891887488,0
688636,2026-01-08,48.89,0.17350000143051147,3.8039000034332275,0.546999990940094,,57987660.0,229249200.0,281.786741192512,12.852598637155053,28.350166974,0
688183,2026-01-08,96.32,0.4000000059604645,1.1486999988555908,0.421999990940094,,409586624.0,1207906944.0,240.7999964118004,83.8513102602596,394.5138362368,0
300138,2026-01-08,13.06,0.1817999929189682,3.9165000915527344,-0.460999995470047,,1802447744.0,3862445824.0,71.83718651639936,3.3346099054531715,235.3996753664,0
002030,2026-01-08,6.22,-0.6600000262260437,3.285799980163574,0.21400000154972076,,872086080.0,198214544.0,,1.8929941072342311,54.243754175999996,0
300850,2026-01-08,45.17,0.18000000715255737,4.791800022125244,1.2369999885559082,,536213120.0,836605952.0,250.94443447280852,9.426520261996732,242.207466304,0
000690,2026-01-08,4.29,0.3199999928474426,2.583699941635132,0.7720000147819519,,4402983424.0,323338368.0,13.406250299653045,1.660409527773961,188.8879888896,0
002061,2026-01-08,4.02,0.5,2.930299997329712,0.4230000078678131,,11663661056.0,1212602752.0,8.04,1.3718731882958388,468.87917445119996,0
600704,2026-01-08,5.7,0.5799999833106995,3.970400094985962,0.7990000247955322,,23523952640.0,38880468992.0,9.827586489681973,1.4356235804039676,1340.86530048,0
600873,2026-01-08,10.2,0.9399999976158142,3.6352999210357666,1.621999979019165,,4561056256.0,2722279936.0,10.851063857309523,2.8058207635021826,465.227738112,0
000911,2026-01-08,7.45,0.06830000132322311,-5.961699962615967,1.1339999437332153,,761277632.0,385601664.0,109.07759671546124,,56.71518358400001,0
600927,2026-01-08,15.77,0.4000000059604645,4.0665998458862305,1.4700000286102295,,37075300352.0,945616384.0,39.42499941252173,3.8779325720854785,5846.774865510401,0
002420,2026-01-08,7.61,0.23999999463558197,-1.6483999490737915,-0.09700000286102295,,72340376.0,362939008.0,31.70833404206983,,5.5051026136,0
605599,2026-01-08,17.28,0.9200000166893005,1.8144999742507935,0.49000000953674316,,1491641088.0,3947266816.0,18.78260835492544,9.523284786562154,257.7555800064,0
688372,2026-01-08,113.4,1.1299999952316284,4.500899791717529,5.461999893188477,,414019424.0,10498917.0,100.35398272435849,25.194962173713918,469.49802681600005,0
600219,2026-01-08,5.74,0.4099999964237213,1.8009999990463257,0.656000018119812,,25662361600.0,6470014464.0,14.000000122116834,3.1871182693167537,1473.01955584,0
603444,2026-01-08,449.27,13.149999618530273,46.63990020751953,17.332000732421875,,2253009920.0,,34.16502000250348,9.632739306924295,10122.097667584,0
600549,2026-01-08,43.81,1.2094000577926636,4.3007001876831055,1.9520000219345093,,6974035968.0,8383477760.0,36.22457243797377,10.186713346228755,3055.3251575808004,0
688369,2026-01-08,27.21,-2.049999952316284,0.3734000027179718,-0.859000027179718,,789072768.0,27193420.0,,72.87091537744753,214.7067001728,0
002768,2026-01-08,53.85,2.5199999809265137,14.439399719238281,2.0380001068115234,,3024966656.0,3377655296.0,21.369047780786605,3.7293794096061452,1628.944544256,0
600307,2026-01-08,1.76,-0.4178999960422516,-1.1059000492095947,0.017000000923871994,,3039802624.0,4829915136.0,,,53.500526182399994,0
600839,2026-01-08,9.35,0.15240000188350677,1.294600009918213,0.5820000171661377,,25421107200.0,22864695296.0,61.35170527850162,7.222307993486491,2376.8735232,0
603658,2026-01-08,36.55,2.069999933242798,7.544099807739258,2.253999948501587,,465373120.0,1153089536.0,17.657005400353757,4.844845764434941,170.09387535999997,0
605266,2026-01-08,19.75,0.8299999833106995,7.665599822998047,3.249000072479248,,776050432.0,3127884544.0,23.795181201355337,2.576445477984226,153.26996032,0
300533,2026-01-08,36.27,-1.059999942779541,0.4424000084400177,-0.6809999942779541,,523313152.0,,,81.98462773066974,189.80568023040001,0
600008,2026-01-08,3.03,0.4805999994277954,1.1066999435424805,0.5559999942779541,,6417326592.0,1043858624.0,6.304619233473849,2.7378694809553803,194.44499573759998,0
301128,2026-01-08,95.79,1.320199966430664,3.0546998977661133,0.6420000195503235,,321341408.0,332356000.0,72.55719014974754,31.35823590070198,307.81293472320004,0
000581,2026-01-08,20.38,1.7100000381469727,15.569999694824219,1.5870000123977661,,2246600448.0,2308920320.0,11.918128389099111,1.3089274501896568,457.8571713024,0
603190,2026-01-08,26.91,0.75,8.923600196838379,-1.659999966621399,,372534048.0,680811648.0,35.88,3.0155990190522184,100.2489123168,0
688557,2026-01-08,37.68,1.100000023841858,4.285799980163574,2.0999999046325684,,219291968.0,209085264.0,34.254544712098195,8.791824204208869,82.6292135424,0
600183,2026-01-08,71.44,0.7400000095367432,2.41510009765625,0.5989999771118164,,2015811840.0,5119492608.0,96.54053929637523,29.580554474462332,1440.095978496,0
601598,2026-01-08,6.17,0.5396000146865845,3.2112998962402344,0.5640000104904175,,13467664384.0,56259408.0,11.434395537560755,1.9213403292616145,830.9548924928,0
002967,2026-01-08,23.8,0.6100000143051147,1.8050999641418457,1.4670000076293945,,1024963008.0,30943524.0,39.01639252764923,13.18486536634255,243.941195904,0
600694,2026-01-08,18.11,1.8700000047683716,22.304500579833984,3.436000108718872,,3712308736.0,4698601472.0,9.684491953914836,0.8119437570538418,672.2991120896,0
603588,2026-01-08,9.08,0.3160000145435333,2.2095000743865967,0.49900001287460327,,2022985856.0,5165271040.0,28.73417589273277,4.1095269039630145,183.6871157248,0
688609,2026-01-08,10.24,-0.2870999872684479,0.1623000055551529,0.1589999943971634,,270827776.0,505954240.0,,63.09303542519126,27.732764262400003,0
600941,2026-01-08,100.12,6.449999809265137,55.23820114135742,14.673999786376953,,242274992128.0,11228999680.0,15.522481079174932,1.812513766402127,242565.7221185536,0
000651,2026-01-08,40.44,5.829999923706055,23.466899871826172,5.243000030517578,,113900462080.0,27910909952.0,6.936535253724809,1.7232783290881701,46061.346865152,0
603585,2026-01-08,19.45,-0.05999999865889549,7.232800006866455,-0.22699999809265137,,443041472.0,423164800.0,,2.689138367096443,86.171566304,0
600166,2026-01-08,2.89,0.009999999776482582,-0.6281999945640564,0.16500000655651093,,8822372352.0,6976126976.0,289.00000645965355,,254.96656097280004,0
603186,2026-01-08,51.99,-0.6899999976158142,2.8285999298095703,1.1890000104904175,,467553120.0,454915744.0,,18.380117828646103,243.080867088,0
601139,2026-01-08,6.63,0.5099999904632568,2.880000114440918,1.284999966621399,,5711531520.0,1101021184.0,13.000000243093458,2.302083241856764,378.67453977599996,0
301349,2026-01-08,48.11,-0.32679998874664307,2.4326000213623047,-0.10100000351667404,,162300816.0,213116912.0,,19.77719295301882,78.0829225776,0
688302,2026-01-08,52.79,-2.009999990463257,-15.04520034790039,-1.8890000581741333,,633443904.0,4557.1298828125,,,334.3950369216,0
600269,2026-01-08,5.18,0.550000011920929,5.353099822998047,1.1130000352859497,,2695851008.0,2445998080.0,9.418181614048228,0.9676636287904863,139.6450822144,0
600812,2026-01-08,5.63,0.07400000095367432,-0.3089999854564667,0.7170000076293945,,1660278656.0,2510534912.0,76.08108010058686,,93.47368833280001,0
600739,2026-01-08,12.18,0.13770000636577606,11.722399711608887,0.39899998903274536,,6038353408.0,1712665472.0,88.45315495226596,1.0390364003658692,735.4714450944,0
002202,2026-01-08,29.04,0.4205999970436096,4.458899974822998,0.5479999780654907,,11619403776.0,14827632640.0,69.04422302454036,6.5128170992785686,3374.2748565504,0
603801,2026-01-08,9.3,0.8895999789237976,5.047800064086914,1.1239999532699585,,798914880.0,252447984.0,10.454136938324535,1.8423867589696736,74.29908384000001,0
002993,2026-01-08,45.29,1.6799999475479126,6.447999954223633,1.7999999523162842,,1900096896.0,839826880.0,26.95833417501244,7.02388342455457,860.5538841983999,0
000921,2026-01-08,24.68,2.4600000381469727,8.152899742126465,3.703000068664551,,4397693440.0,7566932992.0,10.03252016962997,3.0271438114806113,1085.350740992,0
600660,2026-01-08,63.15,2.869999885559082,7.1371002197265625,3.2809998989105225,,18784563200.0,5970614272.0,22.003485197943917,8.848131321661532,11862.4516608,0
600177,2026-01-08,7.49,0.6000000238418579,7.237500190734863,0.33399999141693115,,7737191424.0,9854140416.0,12.483332837290254,1.0348877102052967,579.5156376576,0
688148,2026-01-08,9.73,-0.8500000238418579,-1.4521000385284424,0.14499999582767487,,170533488.0,521360672.0,,,16.5929083824,0
601919,2026-01-08,14.84,3.0799999237060547,10.618599891662598,4.3429999351501465,,185062621184.0,6332468736.0,4.818181937531854,1.3975477135786911,27463.2929837056,0
002054,2026-01-08,7.9,0.12849999964237213,3.051300048828125,0.597000002861023,,398022368.0,410161408.0,61.47859939289074,2.589060359053858,31.443767072000004,0
601020,2026-01-08,28.6,0.3199999928474426,2.0248000621795654,0.5210000276565552,,298254016.0,369293152.0,89.37500199768697,14.124851403458553,85.300648576,0
300008,2026-01-08,8.89,0.08020000159740448,-0.8036999702453613,-0.20800000429153442,,627775232.0,297288000.0,110.84787809141027,,55.809218124800005,0
688308,2026-01-08,32.32,0.36000001430511475,4.072800159454346,0.24199999868869781,,300014880.0,631128768.0,89.77777421032955,7.935572268375201,96.964809216,0
002758,2026-01-08,9.94,0.7400000095367432,6.055300235748291,0.17499999701976776,,3548115200.0,5499844096.0,13.432432259322086,1.641537101879417,352.68265088,0
001965,2026-01-08,9.78,0.7681000232696533,3.351599931716919,1.0440000295639038,,9249724416.0,338706272.0,12.732716708389658,2.9180093684361705,904.6230478847999,0
688443,2026-01-08,29.18,-2.1700000762939453,-6.593800067901611,-1.569000005722046,,2035452800.0,50149048.0,,,593.94512704,0
300976,2026-01-08,64.0,2.559999942779541,11.590499877929688,1.100000023841858,,740051712.0,404534464.0,25.00000055879356,5.5217635713768525,473.63309568,0
600064,2026-01-08,8.74,0.996999979019165,8.446399688720703,-0.289000004529953,,1124896256.0,11154940928.0,8.766299081167778,1.0347604094169698,98.31593277440001,0
000719,2026-01-08,12.12,1.0099999904632568,7.411600112915039,1.3380000591278076,,5224641024.0,926282304.0,12.00000011330784,1.6352744097567227,633.2264921088,0
601339,2026-01-08,5.88,0.27000001072883606,3.485100030899048,0.921999990940094,,1929174656.0,4242680576.0,21.777776912406672,1.6871825622988337,113.4354697728,0
300219,2026-01-08,7.38,0.10999999940395355,0.8338000178337097,0.7630000114440918,,930719680.0,725599104.0,67.09090945444817,8.851043226376905,68.687112384,0
601686,2026-01-08,6.36,0.30000001192092896,2.062299966812134,0.9729999899864197,,12492636160.0,3322210048.0,21.199999157587722,3.083935461547417,794.5316597760001,0
300552,2026-01-08,36.45,-1.8115999698638916,2.778700113296509,-0.9810000061988831,,371049280.0,374235968.0,,13.117644407030873,135.24746256000003,0
603899,2026-01-08,27.26,1.5161999464035034,7.516600131988525,2.4779999256134033,,4962217472.0,1545866752.0,17.979159057921077,3.6266396404391856,1352.7004828672,0
301031,2026-01-08,111.18,2.8299999237060547,7.392899990081787,1.843999981880188,,288179040.0,228387088.0,39.286220140388956,15.038753418706808,320.39745667200003,0
000498,2026-01-08,6.04,1.2280999422073364,7.527400016784668,-3.2920000553131104,,7111421440.0,2838780672.0,4.918166504546814,0.8024018899662501,429.52985497599997,0
600019,2026-01-08,7.33,0.3400000035762787,4.0395002365112305,1.2619999647140503,,26152376320.0,38188154880.0,21.558823302646,1.8145809062585065,1916.969184256,0
688030,2026-01-08,18.42,-0.7613000273704529,-3.0274999141693115,-0.5009999871253967,,217878160.0,88060936.0,,,40.133157072,0
000951,2026-01-08,16.8,1.2699999809265137,7.066800117492676,4.492000102996826,,12950158336.0,3453554432.0,13.228346655362747,2.377313596066546,2175.6266004480003,0
002377,2026-01-08,2.93,-0.05999999865889549,-4.584700107574463,0.007000000216066837,,140546432.0,25358878.0,,,4.1180104576000005,0
688298,2026-01-08,25.0,-2.690000057220459,30.67289924621582,-1.7280000448226929,,3081496832.0,308960704.0,,0.8150517432121877,770.374208,0
002029,2026-01-08,12.76,0.4099999964237213,4.781899929046631,0.3479999899864197,,924448960.0,849967040.0,31.12195149097749,2.6683954472765317,117.959687296,0
600999,2026-01-08,17.14,1.1299999952316284,4.409200191497803,6.293000221252441,,144322265088.0,,15.168141656926846,3.887326330306076,24736.836236083203,0
600351,2026-01-08,6.65,0.33559998869895935,1.738800048828125,0.6549999713897705,,578594432.0,413048736.0,19.815256924711036,3.8244765431665413,38.476529728,0
688197,2026-01-08,38.89,-1.4299999475479126,-6.843100070953369,-1.3229999542236328,,22734742.0,3410663.0,,,8.8415411638,0
600741,2026-01-08,20.42,2.121999979019165,12.709199905395508,2.5820000171661377,,34738778112.0,21078784000.0,9.622997267624184,1.6067101117302423,7093.6584904704005,0
000800,2026-01-08,6.8100000000000005,0.1265999972820282,1.2302000522613525,-1.1890000104904175,,19852961792.0,10117213184.0,53.79147034916035,5.53568501926322,1351.9866980352,0
603111,2026-01-08,7.0,0.38999998569488525,1.5132999420166016,0.4339999854564667,,1140755712.0,703970112.0,17.948718607073022,4.625652724648824,79.85289984,0
600153,2026-01-08,9.4,0.8199999928474426,15.949600219726562,3.805000066757202,,95867379712.0,327632486400.0,11.463414734137478,0.5893564647704476,9011.533692928,0
000672,2026-01-08,12.89,0.6621000170707703,9.071900367736816,1.0720000267028809,,2671756544.0,835160320.0,19.468357752092036,1.4208709837513012,344.3894185216,0
600710,2026-01-08,10.94,0.8799999952316284,3.43149995803833,3.9539999961853027,,13653958656.0,10523341824.0,12.431818249181282,3.188110194893903,1493.7430769664,0
000726,2026-01-08,7.15,0.5,8.48289966583252,1.5219999551773071,,2055856768.0,2019884416.0,14.3,0.8428721641962617,146.993758912,0
600867,2026-01-08,8.45,-0.019999999552965164,1.5942000150680542,0.23199999332427979,,586595200.0,736309312.0,,5.300464132563241,49.5672944,0
002381,2026-01-08,6.71,0.3700000047683716,2.3506999015808105,0.18299999833106995,,406896736.0,547351680.0,18.135134901418752,2.8544690011207408,27.3027709856,0
601838,2026-01-08,16.23,3.2799999713897705,8.545900344848633,-22.600000381469727,,71954841600.0,,4.948170774868385,1.899156243939031,11678.27079168,0
603982,2026-01-08,8.48,-1.9744999408721924,-3.0053000450134277,0.5059999823570251,,548316800.0,803000576.0,,,46.49726464,0
600894,2026-01-08,9.8,0.9373000264167786,5.993899822235107,0.12600000202655792,,4201385984.0,1048005696.0,10.455563558943448,1.634995627328588,411.73582643200007,0
600517,2026-01-08,6.25,0.2750000059604645,1.3938000202178955,0.7599999904632568,,7144502784.0,1236515456.0,22.72727223467237,4.4841440015354035,446.531424,0
601117,2026-01-08,8.19,0.9300000071525574,6.206600189208984,1.4279999732971191,,50066644992.0,5848475648.0,8.806451545173495,1.3195630055629206,4100.4582248448,0
002480,2026-01-08,6.39,-0.5318999886512756,-1.976099967956543,0.12800000607967377,,1229806080.0,264435856.0,,,78.584608512,0
300628,2026-01-08,35.93,2.095099925994873,4.948200225830078,1.9850000143051147,,500984544.0,813188480.0,17.149540007233014,7.261225973120887,180.00374665919998,0
601872,2026-01-08,9.6,0.6299999952316284,2.1256000995635986,1.0410000085830688,,4589227008.0,1418391424.0,15.238095353430001,4.516371636400915,440.56579276799994,0
000088,2026-01-08,4.46,0.30000001192092896,1.131700038909912,0.05400000140070915,,6085332480.0,10930319.0,14.866666075918433,3.94097362079797,271.405828608,0
600820,2026-01-08,6.51,0.8999999761581421,5.938300132751465,1.4589999914169312,,23908472832.0,1158876928.0,7.233333524951234,1.0962733197157621,1556.4415813632002,0
300473,2026-01-08,30.17,0.2199999988079071,-5.073500156402588,3.1429998874664307,,247556512.0,682032704.0,137.1363643794513,,74.6877996704,0
600114,2026-01-08,30.79,0.6399999856948853,1.7105000019073486,0.5709999799728394,,317522336.0,1204726528.0,48.10937607532835,18.0005846043067,97.7651272544,0
605377,2026-01-08,8.46,1.0099999904632568,3.2639999389648438,1.1109999418258667,,2083110528.0,841058816.0,8.376237702853494,2.5919118131733283,176.2311506688,0
688499,2026-01-08,62.69,-8.119999885559082,-3.4874000549316406,0.40700000524520874,,838925504.0,2574363136.0,,,525.9223984575999,0
301039,2026-01-08,9.38,0.5600000023841858,4.14709997177124,1.1690000295639038,,5797032448.0,4333241344.0,16.749999928687302,2.2618215292248602,543.7616436224,0
000027,2026-01-08,6.64,0.2800000011920929,3.213900089263916,2.0199999809265137,,7794501632.0,1207070336.0,23.714285613322744,2.066025643479405,517.5549083648,0
600011,2026-01-08,7.39,0.46000000834465027,1.0579999685287476,3.2190001010894775,,19932035072.0,13444393984.0,16.06521709987257,6.984877334426122,1472.9773918207998,0
000598,2026-01-08,7.16,0.6704000234603882,4.170400142669678,1.2330000400543213,,4300334080.0,226572240.0,10.680190557038461,1.7168616331900788,307.903920128,0
000913,2026-01-08,15.56,1.294600009918213,3.4286999702453613,2.1519999504089355,,5677552128.0,1170879104.0,12.01915640413367,4.538163191597809,883.4271111168001,0
601778,2026-01-08,4.11,0.09000000357627869,0.9911999702453613,0.2930000126361847,,5034397184.0,4687275008.0,45.66666485203645,4.146489228588871,206.91372426240002,0
002658,2026-01-08,9.2,0.27000001072883606,1.833899974822998,0.39399999380111694,,568274752.0,414043328.0,34.07407272009207,5.016631291948163,52.281277184,0
688512,2026-01-08,11.56,-0.9599999785423279,-3.037100076675415,-0.6399999856948853,,830608896.0,430844256.0,,,96.0183883776,0
002142,2026-01-08,28.68,3.950000047683716,15.555899620056152,12.869999885559082,,176410001408.0,,7.260759406020256,1.8436735065468668,50594.3884038144,0
601956,2026-01-08,7.24,0.20520000159740448,1.2799999713897705,0.5540000200271606,,1015955584.0,868514560.0,35.28265079746265,5.656250126427042,73.55518428159999,0
000990,2026-01-08,8.15,0.18970000743865967,2.9821999073028564,1.1349999904632568,,1790590208.0,910435008.0,42.96257079818692,2.7328818500872987,145.93310195200002,0
688259,2026-01-08,43.85,0.5400000214576721,2.1947999000549316,-0.7770000100135803,,130650488.0,88065016.0,81.20370047695856,19.979042280301964,57.290238988,0
603126,2026-01-08,6.91,0.012500000186264515,2.0346999168395996,-0.20999999344348907,,1036216512.0,276547264.0,552.7999917626382,3.3960781847049795,71.6025609792,0
002240,2026-01-08,35.86,-0.6899999976158142,5.696199893951416,1.4390000104904175,,1795958144.0,2162035200.0,,6.2954251373935115,644.0305904383999,0
603739,2026-01-08,14.6,0.25,2.927799940109253,0.7720000147819519,,248727440.0,188950480.0,58.4,4.986679519999987,36.31420624,0
301607,2026-01-08,44.42,1.0499999523162842,0.6134999990463257,0.23399999737739563,,507868000.0,476029632.0,42.3047638259508,72.40423809136115,225.5949656,0
603660,2026-01-08,11.13,-0.40070000290870667,0.305400013923645,-0.4830000102519989,,416713024.0,496289280.0,,36.44400619700915,46.3801595712,0
600582,2026-01-08,5.9,0.6330000162124634,3.907599925994873,1.2339999675750732,,14062297088.0,5642298368.0,9.320694863962995,1.5098782146941163,829.6755281920001,0
600594,2026-01-08,4.17,-0.4020000100135803,0.9520999789237976,0.10999999940395355,,521007296.0,607774912.0,,4.379792135604858,21.726004243200002,0
688316,2026-01-08,63.21,-2.0,-24.16629981994629,-0.7229999899864197,,238290528.0,915331.25,,,150.62344274880002,0
002612,2026-01-08,20.19,0.5813000202178955,2.264400005340576,1.281000018119812,,555937664.0,1150735616.0,34.73249492135223,8.916269189357882,112.2438143616,0
000408,2026-01-08,88.0,1.6399999856948853,6.122499942779541,0.5820000171661377,,887987584.0,427157760.0,53.65853705340947,14.37321369088475,781.42907392,0
600378,2026-01-08,34.21,0.9531000256538391,5.13040018081665,0.5720000267028809,,5457164800.0,1646786560.0,35.893399516521356,6.668095819877056,1866.89607808,0
