code,ts_code,industry,report_date,revenue,net_profit,oper_profit,eps,gross_margin,net_margin,revenue_yoy,net_profit_yoy,total_assets,equity,roe,roa,debt_ratio,current_ratio,goodwill_ratio,oper_cashflow,free_cashflow,cf_to_profit,pe_ttm,pb,ps_ttm,turnover_rate,dv_ttm,total_mv,circ_mv,roe_ind_rank,roa_ind_rank,revenue_yoy_ind_rank,net_profit_yoy_ind_rank,net_margin_ind_rank,debt_ratio_ind_rank,cf_to_profit_ind_rank,pe_ttm_ind_rank,pb_ind_rank
000027,000027.SZ,BIPV概念,2025-09-30,32439749870.04,1964477405.04,3673791470.42,0.3555,22.910980861027323,6.055772356168224,-21.288742212259525,-2.028343492431506,170982412694.22,50238841167.05,3.9102761118790212,1.1489353636348638,61.85294127374019,,0.0,9507561633.78,1827158496.9800005,4.839740894645928,17.0521,0.9605,0.7273,2.1548,,3144634.7345,3144634.7345,0.5,0.75,1.0,0.75,0.75,0.5,0.75,0.75,0.4
000088,000088.SZ,中俄贸易,2025-09-30,616142692.7,1071058499.51,1145485918.96,0.21,29.812638294070936,173.83286569812466,-22.3579205600132,-20.622858079758032,24135717391.73,18137007285.14,5.90537613329151,4.437649323309502,18.416582586988074,,0.0,246756422.28,-1544973787.58,0.23038556940903687,16.4847,1.3205,29.3081,2.1471,,2334568.0224,1420139.6161,0.25,0.875,0.75,0.75,1.0,0.125,0.625,1.0,0.75
000338,000338.SZ,DeepSeek,2025-09-30,170570624994.35,8877551118.3,12384880520.95,1.03,21.908984351688847,5.204618977384916,-20.918806639761335,-22.14920510830861,364324870642.28,94051053610.73,9.439076732774833,2.436712899300418,63.86774508809959,,0.0,15014748052.19,850497075.1200008,1.6913164286082127,19.6499,2.5667,1.0407,2.4505,,23343684.292,13414063.622,0.5,0.16666666666666666,0.6666666666666666,0.3333333333333333,0.3333333333333333,0.8333333333333334,0.8333333333333334,0.5,0.3333333333333333
000408,000408.SZ,化肥概念,2025-09-30,2401446783.35,2750801362.35,2947988847.25,1.7566000000000002,59.416386479301906,114.54767107154684,-26.127522599483665,6.620788934588107,16364547815.56,15110410966.06,18.20467602455464,16.80951648254185,7.79347727694214,,0.0,1340431505.03,2637129350.33,0.4872876403859543,37.5547,8.6064,39.0692,2.1971,,13004609.6201,13004466.7556,1.0,1.0,0.5,1.0,1.0,0.5,1.0,0.5,1.0
000422,000422.SZ,乡村振兴,2025-09-30,19166783218.61,811591054.03,1206650041.55,0.7484,18.482913328253904,4.2343623589480845,12.98775097921765,24.373278197281877,45043471761.22,5898490056.93,13.759301892464501,1.8017950710645179,74.66755458342817,,0.0,3117177816.12,-313472822.4500003,3.8408232824172743,23.7626,2.8430999999999997,0.7417,3.9313000000000002,,1676990.8029,1630074.7065,0.5714285714285714,0.2857142857142857,1.0,0.8571428571428571,0.42857142857142855,1.0,0.7142857142857143,0.7142857142857143,0.42857142857142855
000423,000423.SZ,乡村振兴,2025-09-30,4766370643.52,1273820095.44,1505796001.81,1.9781,73.68527545449714,26.725158211768324,-19.49767008272231,-18.18757476802032,12748594101.03,9947909149.08,12.804902782589295,9.991847613511235,21.77099258118006,,0.0,1309738675.6,2122859014.6599998,1.0281975298463109,21.0435,3.5514,5.5565999999999995,1.2846,,3532856.8565,3527597.2143,0.42857142857142855,0.8571428571428571,0.7142857142857143,0.2857142857142857,0.8571428571428571,0.14285714285714285,0.2857142857142857,0.5714285714285714,1.0
000498,000498.SZ,PPP概念,2025-09-30,41353854503.99,1409681500.71,2025717065.9,0.7043,12.293446233505252,3.4088273454025617,-42.03945477505283,-39.299051655559104,173929023222.84,25154315921.38,5.604133720495401,0.8104923920051564,76.28169440033241,,0.0,-1389064441.49,-3563946588.9300003,-0.9853746685264607,4.1682,0.5999,0.1355,2.0368,,948541.4925,885550.9089,0.5714285714285714,0.2857142857142857,0.125,0.375,0.625,0.8571428571428571,0.625,0.1111111111111111,0.3333333333333333
000581,000581.SZ,人形机器,2025-09-30,8499066423.01,1152113285.22,1216374595.32,1.19,17.8096005818005,13.555762808263495,-23.89302280785116,-30.576085498410578,29075685744.96,20063211021.65,5.742417223129272,3.962462984797214,27.81266397392453,,0.0,949443901.67,1567177536.21,0.8240890143790854,13.0753,1.0047,1.7522,2.4708,,2006080.313,1647274.1267,0.3333333333333333,0.6666666666666666,0.3333333333333333,0.3333333333333333,1.0,0.3333333333333333,1.0,0.2,0.16666666666666666
000598,000598.SZ,PPP概念,2025-09-30,6547780277.56,1764167822.74,2164827924.75,0.5918,47.898736436506226,26.942990570193796,-27.638200766822685,-11.620012979325455,49370674255.93,19481871121.26,9.055433185854591,3.573311179820686,57.65815311475288,,0.0,2399067521.56,-70821403.32000017,1.3598862254691346,9.8572,1.0799,2.2419000000000002,1.7516,,2103726.1483,2100355.5433,0.8571428571428571,0.8571428571428571,1.0,1.0,1.0,0.2857142857142857,0.875,0.5555555555555556,0.6666666666666666
000651,000651.SZ,MCU芯片,2025-09-30,137180093143.85,21461336806.54,25081991307.07,3.86,28.684694196194183,15.590836336428149,-27.480734170543386,-33.3179329153815,399221931501.58,144424252622.96,14.859925820469963,5.375791035782577,62.79965182229418,,0.0,45728383685.2,3120243577.0099945,2.130733238912918,6.7832,1.548,1.1965,0.4753,,21492593.8282,21161651.8722,1.0,1.0,0.5,0.5,1.0,1.0,0.5,0.3333333333333333,0.3333333333333333
000672,000672.SZ,一带一路,2025-09-30,3598463266.51,527983115.87,656072411.65,0.54,29.857940013433637,14.672460902513778,-33.95251940541676,-15.853022699566166,16883339054.39,8871919151.8,5.951171407630321,3.1272434568132073,42.646754890572474,,0.0,755071117.83,257755460.71000004,1.4301046664831487,20.3939,1.7264,2.9279,6.8462,,1531644.811,1531644.811,0.375,0.625,0.125,0.5,0.625,0.625,0.75,0.625,0.625
000690,000690.SZ,临界发电,2025-09-30,6753688613.99,820980066.62,1083836831.36,0.38,18.27603699292831,12.156024856096744,-14.550521832672803,16.361734443496157,21942824199.53,12552986429.79,6.54011753467445,3.7414512332354413,42.79229366446423,,0.0,1446149921.12,-186865911.01000023,1.7614921237659804,10.1075,0.7523,1.1043,3.7161,,944335.3321,943720.5768,0.2,0.8,0.8,0.8,0.8,0.4,0.4,0.6,0.2
000719,000719.SZ,AIGC概念,2025-09-30,6620458714.56,746723740.3,832978215.12,0.73,37.71137711755869,11.279033258794783,-32.834353663425965,-27.496095651052034,18959715064.29,11633955474.8,6.418485457654177,3.938475540206981,38.14011848084065,,0.0,767281786.03,326696717.04999995,1.027530992548517,10.0112,1.1037,1.4443,2.7397,,1350628.9487,880634.7568,1.0,1.0,1.0,1.0,1.0,0.5,1.0,1.0,0.3333333333333333
000726,000726.SZ,C2M概念,2025-09-30,4299819286.52,502671698.2,586819259.58,0.62,23.16540659377703,11.69053080383828,-29.402543606360908,22.50682037102496,14168321048.11,9753230435.26,5.1538995365344284,3.5478564926156473,28.92183104551137,,0.0,409180600.91,300380713.16,0.8140116150863893,9.6878,0.6309,1.0112,1.7534999999999998,,605624.4277,436536.2809,0.5,0.5,0.5,0.5,0.5,0.5,1.0,1.0,0.5
000800,000800.SZ,固态电池,2025-09-30,43995870260.9,372141671.35,82492554.7,0.0756,5.40009335435612,0.8458559158920189,-24.89750864939707,-40.211261234154485,76195233089.08,26412715885.44,1.408948905383649,0.48840545039730826,64.91446083069816,,0.0,3512754083.47,1462693592.1399999,9.439292489677264,53.7431,1.2838,0.5903,0.9434,,3390762.5918,3390473.0106,1.0,1.0,1.0,0.5,1.0,1.0,1.0,1.0,0.5
000880,000880.SZ,数据中心,2025-09-30,4426469014.16,186831928.17,189510746.99,0.4,10.715758534232323,4.220789246967193,10.6148439251335,1.0101991284869438,7746622592.15,2057482391.61,9.080608851471249,2.4117856000797713,73.44026552042256,,0.0,413119575.1,-323529399.37,2.2111829554320015,72.7769,8.0416,2.9452,7.7163,,1654548.8123,809804.5956,1.0,1.0,1.0,1.0,1.0,1.0,1.0,1.0,1.0
000913,000913.SZ,中俄贸易,2025-09-30,4425964341.95,320315202.34,360752617.11,0.6124,25.46943406447206,7.237184432418515,-26.611668562658032,-52.66777123635815,10525089577.76,4709124776.23,6.802011362214016,3.043348942291577,55.1820911637892,,0.0,195180432.15,-43409426.46000001,0.6093386474452277,15.3043,1.7231999999999998,1.4666000000000001,1.2867,,811480.5835,712104.5755,0.625,0.375,0.625,0.125,0.625,0.625,0.875,0.875,0.875
000915,000915.SZ,创新药,2025-09-30,1602594490.06,408065488.3,897870271.64,1.7414,84.44452019545714,25.46280364939495,-24.91913304908453,-20.855419137272946,4779984839.06,2851053959.18,14.31279429090023,8.536961978738146,11.991774593007342,,0.0,954987097.75,733682924.16,2.3402790119019237,13.3907,2.7343,3.1687,0.823,,747517.4372,747033.3547,0.6666666666666666,0.6666666666666666,0.6666666666666666,0.6666666666666666,1.0,0.3333333333333333,1.0,0.25,0.2857142857142857
000921,000921.SZ,DeepSeek,2025-09-30,71532692515.25,2811792320.0,4608141705.66,2.06,21.08054789421664,3.930779369727424,-22.872153561229347,-16.01279525671846,71926920241.48,16925320527.2,16.612933949943706,3.90923497149604,71.31290102220922,,0.0,6981159028.2,1742396400.8599997,2.4828146013998644,9.8105,1.9515,0.3525,1.6854,,3302893.8928,2189722.0743,0.6666666666666666,0.5,0.3333333333333333,0.6666666666666666,0.16666666666666666,1.0,1.0,0.16666666666666666,0.16666666666666666
000923,000923.SZ,中特估,2025-09-30,4303406441.45,537671415.31,907598631.35,0.8237,60.06468851334111,12.494088639436894,-22.90429805385893,-5.031913518518061,18186479748.67,10268145631.05,5.23630492427111,2.956434795190755,24.433058070487558,,0.0,510035246.6,-354943078.35,0.9486002641705139,28.9004,1.4811,2.9055,4.7120999999999995,,1520858.4791,1463010.1548,0.2222222222222222,0.5555555555555556,0.8888888888888888,0.7777777777777778,0.4444444444444444,0.1111111111111111,0.3333333333333333,0.8888888888888888,0.6666666666666666
000933,000933.SZ,稀缺资源,2025-09-30,31004894097.91,3489707443.63,5811221579.19,1.575,23.175667486748072,11.255343858327311,-19.20056821789634,-18.97176047481507,57743116631.18,23960958039.22,14.564139872529072,6.043503792702515,51.05726555758915,,0.0,6898271177.77,5569857524.09,1.9767477042701338,15.7765,2.8037,1.6359,2.8435,,6717776.1398,6713313.4871,1.0,1.0,1.0,1.0,1.0,1.0,1.0,1.0,1.0
000951,000951.SZ,冷链物流,2025-09-30,40490078964.82,1050227285.88,1736085554.69,0.89,7.364204230252863,2.5937891768314283,-9.880038926225343,-29.022527158871892,47900594159.68,15545989323.96,6.7556156381849215,2.192514110323963,64.78487948496317,,0.0,1606245189.58,-5884486071.81,1.5294262596063717,15.1646,1.5946,0.4669,4.4875,,2420230.8816,2420230.8816,0.4,0.6,0.8,0.6,0.6,0.6,0.8,0.5,0.6666666666666666
000990,000990.SZ,NMN概念,2025-09-30,8703973533.69,103580050.66,314040020.4,0.0852,14.466789590480012,1.1900317740980977,-21.34589952595065,-55.08021297011899,27522096860.05,17871598403.68,0.5795791082608004,0.37635232223295,31.66650063262718,,0.0,932078152.68,356343251.25,8.998626151859424,90.2099,0.5841,0.9052,3.0998,,1043889.0426,1043888.2695,0.5,0.5,1.0,0.5,0.5,0.5,1.0,1.0,0.3333333333333333
001218,001218.SZ,未知,2025-09-30,3479831138.09,100503875.38,103467098.2,0.772,10.024441401529236,2.8881825408104222,-4.63935194603009,-7.893834625013952,3076888026.88,2274745287.52,4.41824743769763,3.2664131584246205,26.069935998723427,,0.0,228299648.39,-70718360.58000004,2.271550699182601,25.1173,1.4765,0.7377,2.1404,,335859.9108,239700.4986,0.3333333333333333,0.6666666666666666,1.0,0.8333333333333334,0.3333333333333333,0.3333333333333333,0.5,0.7142857142857143,0.625
001872,001872.SZ,一带一路,2025-09-30,12761718577.69,3806626280.8,8517862608.21,1.53,44.95166313852678,29.8284769220247,-20.88590794970844,-15.713633491714562,203240253667.06,63638032018.71,5.981684473964919,1.8729686723555572,35.01995982671595,,0.0,5333444634.74,7277362512.969999,1.4010948912009098,10.6266,0.7706,2.9141,0.9654,,4874241.4225,4520926.798,0.5,0.25,0.75,0.625,0.875,0.375,0.625,0.25,0.125
001965,001965.SZ,中特估,2025-09-30,8703208429.26,4012365445.14,4764646389.58,0.5723,34.19327079821562,46.10214127068948,-31.530126217040987,-24.611268697526235,160882376944.31,72138064419.05,5.562064185465484,2.4939744932590684,44.25668098146421,,0.0,4666432532.86,4752048284.809999,1.1630128403463953,12.6075,0.9805,5.2874,0.4592,,6523291.1923,6523291.1923,0.3333333333333333,0.4444444444444444,0.1111111111111111,0.4444444444444444,1.0,0.6666666666666666,0.4444444444444444,0.5555555555555556,0.2222222222222222
002004,002004.SZ,仿制药,2025-09-30,9085988424.34,611820373.56,1061070480.48,0.3101,37.00801930412159,6.733668864479564,-22.106766905939402,-304.62909903258407,29244289412.92,9698922922.41,6.308126979196306,2.092102033738253,44.95126570698038,,0.0,1131901142.14,682286538.9100001,1.850054674632369,,1.0942,0.8963,1.9536,,1061236.6864,1008548.0139,1.0,1.0,1.0,1.0,1.0,1.0,1.0,,1.0
002006,002006.SZ,人形机器,2025-09-30,1343120973.6,144739783.84,165311843.4,0.28,29.7802627419264,10.776377309636558,-22.30467933231166,-1.5020251503773396,4177976558.33,2403497394.52,6.0220487099344595,3.4643512671563355,42.47221445682993,,0.0,-69453995.98,-539446611.37,-0.4798542193262958,48.1869,4.3837,5.5732,2.4087,,1053621.3029,1053621.3029,0.6666666666666666,0.3333333333333333,0.6666666666666666,1.0,0.3333333333333333,1.0,0.3333333333333333,0.8,0.8333333333333334
002027,002027.SZ,DeepSeek,2025-09-30,9606726617.75,4240475945.45,5010710709.09,0.2936,70.40069374238126,44.14069551656676,-21.655145383576247,-17.74681366273455,23789042737.84,16467371503.02,25.75077597947144,17.82533241114782,29.260778985560947,,0.0,5311219622.54,7696639955.76,1.252505542034474,19.3705,7.3519,8.3395,1.0213,,10513921.4005,10513921.4005,0.8333333333333334,1.0,0.5,0.5,0.8333333333333334,0.3333333333333333,0.6666666666666666,0.3333333333333333,0.6666666666666666
002029,002029.SZ,口罩防护,2025-09-30,2025137986.99,402841036.23,464597739.65,0.59,54.43326111266329,19.89202902804416,-35.50683813218861,41.57186421460912,10190857100.63,6822208815.9,5.904847639537642,3.9529652143301703,31.935928694935818,,0.0,-31136577.9,606735793.97,-0.0772924679952981,17.4314,1.1543,2.6503,4.3021,,787511.2908,743258.4562,0.3333333333333333,0.3333333333333333,0.3333333333333333,1.0,1.0,0.3333333333333333,0.3333333333333333,0.6666666666666666,0.3333333333333333
002056,002056.SZ,5G概念,2025-09-30,17561698935.87,1452471782.4,2180995490.65,0.91,17.917739279215777,8.270679207655176,-5.371520349698155,-20.48977606519441,25634597611.28,10249935491.29,14.170545596450381,5.666060393945363,57.96719564675866,,0.0,2990641251.8,1581060771.92,2.0590012749565414,14.1106,3.2392,1.4731,2.3451,,3320119.343,3316689.514,0.7142857142857143,0.6428571428571429,0.6428571428571429,0.21428571428571427,0.5,0.7857142857142857,0.7857142857142857,0.14285714285714285,0.3125
002061,002061.SZ,PPP概念,2025-09-30,31418107501.54,714522933.97,1043661048.0,0.27,8.015042922704902,2.2742392549741473,-34.23322015944426,-45.4574861394827,79752807882.81,15763428342.28,4.532788924180515,0.8959219780950297,76.02957065601885,,0.0,-790962454.49,-1340928432.35,-1.1069797999278905,9.0451,0.6799,0.2209,2.0139,,1072394.1115,1042254.2979,0.42857142857142855,0.42857142857142855,0.375,0.25,0.25,0.5714285714285714,0.5,0.4444444444444444,0.4444444444444444
002074,002074.SZ,低空经济,2025-09-30,29507977720.23,2533227921.29,2825624441.39,1.4,16.815438776030515,8.584891670001758,-16.624858111532504,109.91453767944304,121148992861.56,28447476901.6,8.904930057777888,2.0910020475240625,71.71802717254648,,0.0,457189319.49,-5313639286.17,0.18047697786987313,20.1218,2.3532,1.6856,2.2164,,6695894.0506,6408286.0524,0.75,0.75,0.75,1.0,0.75,0.75,0.5,1.0,0.75
002091,002091.SZ,一带一路,2025-09-30,29603858117.69,935445571.53,2121814305.37,0.57,15.770264462185397,3.155532960443012,-23.87921682759536,-15.397869880542437,44990360476.12,16139608245.23,5.795962066219714,2.0792133284340233,49.59779257902135,,0.0,1052879454.9,-1628254528.17,1.1255379114980757,12.2076,0.9115,0.3566,1.4133,,1407973.2069,1381253.1622,0.25,0.5,0.375,0.75,0.125,0.875,0.5,0.375,0.375
002110,002110.SZ,数据中心,2025-09-30,33266649947.46,183899318.29,258829809.8,0.08,7.32011955572921,0.5528038398228952,-27.772925703159345,-114.40500401799198,51657957100.49,19663724006.77,0.9352212135742218,0.35599417517084825,61.524924998434614,,0.0,385764855.9,-1362593257.4900002,2.0976959538896613,42.9681,0.5164,0.22,4.2591,,1015353.8629,1015353.8629,0.5,0.5,0.5,0.5,0.5,0.5,0.5,0.5,0.5
002128,002128.SZ,储能,2025-09-30,22402898552.86,4117940804.09,6124827885.47,1.8399999999999999,35.55464207417543,18.381285771453424,-24.971164882560192,-22.908294448786258,56434249132.02,37235977895.47,11.059037621222174,7.296882420561062,25.175431004093625,,0.0,7849773836.6,2594726348.6100006,1.9062376585898195,12.4574,1.6928,2.0699,1.6397,,6303304.6623,6303304.6623,0.75,0.75,0.5,0.5,1.0,0.25,1.0,0.3333333333333333,0.5
002142,002142.SZ,未知,2025-09-30,54976000000.0,22445000000.0,24715000000.0,3.35,100.0,40.82690628637951,-17.4918581441071,-17.259556899030482,3578396000000.0,252689000000.0,8.882460257470646,0.627236337174533,92.9037758817079,,0.0,222407000000.0,15154000000.0,9.908977500556917,7.0239,0.926,2.8628,0.4584,,20603203.271,20591648.5819,0.8333333333333334,0.3333333333333333,0.8333333333333334,0.6666666666666666,0.8333333333333334,1.0,0.8333333333333334,0.2857142857142857,0.25
002155,002155.SZ,黄金概念,2025-09-30,41194424016.98,1028799255.07,1274551273.13,0.66,5.2870584252914,2.497423570350049,47.97626266490058,21.529389140277665,9072482063.84,7631189805.19,13.48150526108406,11.33977722778272,15.159085423949476,,0.0,768469537.44,560916586.6400001,0.7469577117721697,42.0236,6.6551,1.0571,7.1066,,5078616.777,5078158.3353,1.0,1.0,1.0,1.0,1.0,1.0,1.0,1.0,1.0
002171,002171.SZ,3D打印,2025-09-30,44191348861.1,355169766.73,481900276.27,0.237,3.099717788238395,0.803708816054363,-17.78470703797511,54.51900149533601,22035105209.19,8674223506.5,4.094542485144114,1.6118360378051306,57.756623085793876,,0.0,,,0.0,36.2648,2.378,0.35,3.4012000000000002,,2062754.0353,2051065.4084,0.5,0.5,1.0,1.0,0.5,1.0,0.5,0.6666666666666666,0.3333333333333333
002202,002202.SZ,储能,2025-09-30,48146709129.4,2584374593.56,3718914192.8,0.5969,14.390954570328166,5.367707659134472,-15.083915247099444,38.91154954366023,167306790994.85,41047956480.44,6.295988436821441,1.5446919866149076,73.1111336981505,,0.0,-633426068.64,-2475166668.03,-0.2450983964238132,39.6592,2.7393,1.5246,5.6876,,10520418.441,8376812.1367,0.5,0.5,0.75,1.0,0.5,1.0,0.25,0.6666666666666666,0.75
002204,002204.SZ,一带一路,2025-09-30,10979031948.15,489769271.34,566049111.78,0.2561,18.951495575259724,4.4609513266106084,-23.1197827226961,-1.627938034972276,26675700852.22,7746007975.86,6.322860405854712,1.8360127595269553,70.96230753684073,,0.0,-90971572.41,850763311.9,-0.18574373227030638,23.727899999999998,1.8152,0.9309,4.4017,,1406037.3833,1406037.3833,0.625,0.125,0.5,1.0,0.375,1.0,0.125,0.75,0.75
002215,002215.SZ,乡村振兴,2025-09-30,4085884835.85,575528351.94,653996773.53,0.586,35.75744549628407,14.085770281390495,-22.735770829425373,-1.5501699191414087,12461725834.77,4144952475.09,13.885041032406614,4.618367949760165,64.95015795361851,,0.0,-41263438.08,-462431979.15,-0.07169662092390157,17.7321,2.8785,2.1761,3.2402,,1192500.3325,953152.2957,0.7142857142857143,0.5714285714285714,0.5714285714285714,0.5714285714285714,0.7142857142857143,0.7142857142857143,0.14285714285714285,0.42857142857142855,0.5714285714285714
002237,002237.SZ,化肥概念,2025-09-30,76444276379.21,561574725.37,700376303.13,0.49,2.089209858639407,0.7346197151298137,0.8489711053829785,4.631812439114236,31423237037.68,10347190586.75,5.4273159526907655,1.7871320026533508,67.4793301583277,,0.0,-576725858.26,-2470824230.7,-1.0269797271948404,38.1318,1.8547,0.2569,4.1324,,2416649.9895,2015081.6535,0.5,0.5,1.0,0.5,0.5,1.0,0.5,1.0,0.5
002240,002240.SZ,固态电池,2025-09-30,3094610011.57,-752328706.29,-793721624.69,-0.83,10.155116811005358,-24.31093751643097,-32.45321801144085,21.034763246834622,21873107559.65,10500963531.3,-7.1643778596844925,-3.439514500801176,50.34386413325077,,0.0,112726356.29,-555216473.11,-0.1498365745551485,,3.4133,8.579,6.2097999999999995,,3584290.8028,3574950.5554,0.5,0.5,0.5,1.0,0.5,0.5,0.5,,1.0
002246,002246.SZ,军民融合,2025-09-30,1834989900.54,188377164.9,211356312.86,0.3431,29.32376468675123,10.265842054202286,-5.75529296802536,-765.5053125071983,4910632039.63,2998008292.98,6.283410400868316,3.8361083335047357,35.55515108400494,,0.0,-4440972.11,-99301701.28,-0.02357489620547952,53.5462,3.7071,4.4583,9.0607,,1106305.1099,1106305.1099,1.0,1.0,1.0,1.0,1.0,1.0,1.0,1.0,1.0
002293,002293.SZ,口罩防护,2025-09-30,3385378103.89,340086831.65,388371574.88,0.4093,47.90501212276688,10.04575622614266,-25.74687884813276,-21.430245753741527,6550292089.22,4005458130.79,8.490585110246162,5.1919338407777325,38.596836663066355,,0.0,543129044.29,-940632780.1200001,1.5970305044005957,16.8923,2.1572,1.8212000000000002,1.1748,,863860.8103,856340.0595,1.0,1.0,0.6666666666666666,0.3333333333333333,0.6666666666666666,0.6666666666666666,1.0,0.3333333333333333,0.6666666666666666
002318,002318.SZ,临界发电,2025-09-30,9746721458.13,1261622157.8,1586051713.37,1.33,25.281057003374702,12.944067020071119,-10.73031706648826,-15.348729377023352,13431950700.44,8155285142.56,15.46999443607398,9.392694969902413,37.39737939862637,,0.0,598226762.33,101457769.32000005,0.4741726820755748,19.4972,4.0811,2.4614,1.1578,,3328243.4723,3252586.0216,1.0,1.0,1.0,0.4,1.0,0.2,0.2,1.0,1.0
002380,002380.SZ,一带一路,2025-09-30,1352635070.39,217071269.38,240740637.7,0.9045,40.84049723187512,16.048029075381926,-19.59385953274492,-13.802643247767953,3872539195.5,2435417856.1,8.913101660821809,5.605398897763073,38.44422876158337,,0.0,336160647.01,-317613967.74,1.548618792206558,24.4014,3.109,4.0433,4.0642,,757173.6526,447227.213,1.0,1.0,0.875,0.875,0.75,0.5,0.875,0.875,1.0
002386,002386.SZ,储能,2025-09-30,8489943718.24,31693371.45,53607923.13,0.0243,7.238709623241188,0.3733048474975069,-36.48622199508864,-106.89637775718303,19275786839.86,7514126616.82,0.42178383551663823,0.1644206366946429,60.36549494725847,,0.0,51830795.09,-485239270.0799999,1.6353828172483684,,1.0116,0.6397,2.4522,,760161.8906,760020.2496,0.25,0.25,0.25,0.25,0.25,0.75,0.75,,0.25
002478,002478.SZ,一带一路,2025-09-30,4283685542.75,392435814.78,459059664.77,0.44,16.30186142005416,9.161172333113596,-24.800033871176186,-38.12261418930286,8945833596.32,5906189600.93,6.644483860088174,4.3867998499484075,33.95525124354597,,0.0,249246928.46,-138211810.21,0.6351278835233939,15.2108,1.5847,1.6261,16.1114,,935935.5929,750910.1716,0.75,0.75,0.25,0.125,0.5,0.25,0.25,0.5,0.5
002507,002507.SZ,预制菜,2025-09-30,1998577368.74,672969983.1,798088648.49,0.58,53.7307779401609,33.67245089562246,-16.27684241266092,-15.80999541228415,9515348346.76,8885902148.32,7.573457054411005,7.072468170113268,6.6150620608054576,,0.0,446958791.53,434433826.52,0.6641585847129591,18.8158,1.7425000000000002,6.2238,1.8531,,1508172.1696,1501631.2711,1.0,1.0,1.0,1.0,1.0,1.0,1.0,1.0,1.0
002545,002545.SZ,3D打印,2025-09-30,3392405946.71,828057646.0,1001538676.0,0.6656,40.53124867834518,24.40915559657774,-19.15443558399573,46.750432821230234,13990118468.7,9443587783.84,8.768464538625711,5.918875153577919,32.424245918637425,,0.0,1452721513.42,1370526578.97,1.7543724406597654,34.514,3.3843,7.1377,2.6707,,3195995.4912,2903390.5659,1.0,1.0,0.5,0.5,1.0,0.5,1.0,0.3333333333333333,0.6666666666666666
002563,002563.SZ,IP经济,2025-09-30,9844141112.87,536825668.38,718223435.95,0.2,45.124031867061895,5.453250438254757,-32.692139712469285,-52.80244363218851,18155188100.11,11456874938.53,4.685620391775688,2.956871971911695,36.937582637050006,,0.0,-485427772.61,34606210.77999997,-0.9042558901382167,16.062,1.3357,0.9796,3.5113,,1476361.4077,1210226.4023,0.25,0.25,0.75,0.5,0.25,0.5,0.25,0.42857142857142855,0.14285714285714285
002612,002612.SZ,C2M概念,2025-09-30,4327589561.17,988706799.43,1258887380.37,2.2346,59.34612955983862,22.846593593378913,-23.954450360353064,284.4076959794575,8617393266.75,3412601182.71,28.97223397915054,11.473386078884213,52.945951849552095,,0.0,359208610.19,702732648.22,0.3633115605122647,7.9342,2.4102,1.4083,3.594,,822505.9521,473560.223,1.0,1.0,1.0,1.0,1.0,1.0,0.5,0.5,1.0
002690,002690.SZ,人工智能,2025-09-30,1694034532.78,518860671.58,598240768.22,0.5881,52.945363857968054,30.628695079109296,-26.689620673290758,-20.07365387281158,3411343221.24,2725095621.91,19.04009046171871,15.20986420684453,20.116638954920337,,0.0,648784133.62,1054215006.81,1.2504014452364751,24.7587,6.5236,7.3252,1.6223,,1777691.2335,874000.2352,1.0,1.0,0.5,0.5,0.5,1.0,1.0,0.5,1.0
002758,002758.SZ,中俄贸易,2025-09-30,33083996190.59,217877397.96,638204455.7,0.43,5.386343596021976,0.6585582851142098,-21.18409991530089,-42.68184047631893,20831082593.75,4796011579.58,4.5428872375466645,1.045924507185096,63.89468429602127,,0.0,1525589857.0,-444291584.74,7.002056529425242,12.1176,1.1082,0.1196,1.9984,,530216.154,529605.8411,0.125,0.125,0.875,0.25,0.125,0.875,1.0,0.75,0.5
002768,002768.SZ,PEEK材料,2025-09-30,15496714698.37,615091447.41,691819923.56,2.32,10.53600243019082,3.9691732046580004,-19.371369928833516,-9.06109744679988,19462234365.22,5507361874.34,11.16853153005698,3.1604359287194668,61.47345169160262,,0.0,402812683.33,111212784.95999998,0.6548825951427969,19.2691,2.51,0.7811,3.1326,,1605662.5,942067.5063,1.0,1.0,1.0,1.0,1.0,1.0,1.0,1.0,1.0
002788,002788.SZ,冷链物流,2025-09-30,15855458775.65,219666531.25,289762346.99,0.57,6.956390857348644,1.3854315687626306,-22.5458455737517,-36.44730543489803,13042285874.25,3240052429.22,6.779721502928947,1.684264042116252,74.975416375485,,0.0,329702878.75,136204933.59,1.500924500759603,19.3272,1.837,0.2846,6.4099,,595207.6396,584908.1031,0.6,0.2,0.4,0.4,0.2,1.0,0.4,0.6666666666666666,1.0
002867,002867.SZ,IP经济,2025-09-30,6772001305.51,881541201.03,1081676527.63,0.81,29.735986421791555,13.017439915623452,-51.2500591952341,-12.727854418702533,8191644949.6,6260591341.91,14.080797689648545,10.761467403113532,23.651918575091656,,0.0,580450183.37,431079232.88,0.6584492961778726,12.9817,2.2473,1.3658000000000001,1.9452,,1345987.6273,1338080.037,0.5,0.75,0.25,0.75,0.5,0.25,0.5,0.2857142857142857,0.2857142857142857
002967,002967.SZ,DeepSeek,2025-09-30,2415963589.04,238819380.51,249995476.19,0.43,45.06039084523537,9.885057109031042,-24.662243314081632,-32.17476568721786,6556715116.18,3418877329.69,6.985315864832578,3.6423632303417546,45.979729422748285,,0.0,258291975.25,86776499.25999999,1.0815369116962625,36.6211,3.1267,4.2527,1.9221,,1472753.9691,1267326.1494,0.16666666666666666,0.3333333333333333,0.16666666666666666,0.16666666666666666,0.5,0.5,0.5,0.8333333333333334,0.5
002975,002975.SZ,5G概念,2025-09-30,1116706802.44,105728099.91,122079497.25,0.7,44.397270861671714,9.467847753679346,-9.416209979829592,375.09220355989237,3352135966.17,2245479804.86,4.708485896028438,3.1540516547364326,26.454090823266686,,0.0,89306135.08,166488759.86,0.8446773862012177,106.3814,6.0305,8.8143,11.7267,,1345099.0579,888262.7012,0.2857142857142857,0.2857142857142857,0.5714285714285714,1.0,0.5714285714285714,0.21428571428571427,0.35714285714285715,0.9285714285714286,0.5625
002993,002993.SZ,AI手机PC,2025-09-30,5188271125.45,358583030.35,431378531.16,1.3,20.006796240625714,6.911416571717783,-19.225609156784852,-22.862856912348573,9321308104.62,4947060348.29,7.248406227224372,3.8469174747294574,45.53897351162654,,0.0,627342240.75,177919020.26,1.749503427804918,25.2594,2.7612,1.8694,2.5643000000000002,,1320851.4,1140968.5744,1.0,1.0,1.0,1.0,1.0,1.0,1.0,1.0,0.3333333333333333
300138,300138.SZ,NMN概念,2025-09-30,5047254465.57,303829082.4,368695457.16,0.63,14.480634430177485,6.019690199346582,-27.836497794185565,223.05189057296514,7960321457.96,3334587068.13,9.111445471129473,3.816794133309568,57.44786151565714,,0.0,2336559728.91,2050468644.52,7.69037549155301,19.51,1.9616,0.9597,1.6366,,654117.5259,539316.1974,1.0,1.0,0.5,1.0,1.0,1.0,0.5,0.6666666666666666,1.0
300146,300146.SZ,基因概念,2025-09-30,4915367069.98,907306713.44,1134965811.9,0.53,68.55257720973646,18.45857492477549,-28.121039514571965,38.979737579680716,14002293222.35,11314911724.66,8.018681325304494,6.479700853512958,18.598279147327702,,0.0,921241875.1,915456023.4,1.0153588212823486,29.6002,1.8091,3.4001,1.2871000000000001,,2046929.2075,1356190.5774,1.0,1.0,1.0,1.0,1.0,1.0,1.0,1.0,0.6666666666666666
300193,300193.SZ,智能机器,2025-09-30,914722984.06,160549554.47,186998878.32,0.34,30.757388291616994,17.55171317084441,-27.386066589486767,-37.105585408866745,,,,,,,,,,0.0,19.0673,1.9489999999999998,3.6503,2.4651,,449103.5661,395735.2987,,,1.0,1.0,1.0,,1.0,1.0,1.0
300308,300308.SZ,5G概念,2025-09-30,25004800851.32,7131932436.7,8838676999.07,6.48,40.741148793521454,28.522252503056855,4.788506679521776,37.90876512162398,39726194819.53,26389380978.26,27.025766320837164,17.95271978375798,29.47342473096326,,0.0,5454821227.43,4150449392.0600004,0.7648447704524228,69.0002,22.7406,18.698,3.1282,,59000383.5354,58702075.5942,0.9285714285714286,0.9285714285714286,0.9285714285714286,0.8571428571428571,0.9285714285714286,0.2857142857142857,0.2857142857142857,0.8571428571428571,0.9375
300349,300349.SZ,AI智能体,2025-09-30,2354856071.25,207001643.25,236431024.77,0.5,36.17059634892538,8.790415931455199,-23.190068617981407,-42.51585798826848,7188539767.6,4438966096.42,4.663285070299266,2.8796062892076137,38.24456685057569,,0.0,-271885079.21,-126814845.30999997,-1.3134440622852397,27.5768,1.673,2.3287,6.8102,,742639.6971,658255.1303,0.6,0.8,0.8,0.4,1.0,0.2,0.2,0.75,0.8
300357,300357.SZ,人工智能,2025-09-30,853360357.81,344866533.27,397697295.47,0.6587,95.3741632056467,40.41276702318814,-7.784157481709086,8.50920295802895,2893213877.24,2635739108.73,13.084243889228093,11.919842358802304,5.598664507461963,,0.0,286891077.51,136634879.42999998,0.8318901657105408,36.6637,5.5411,13.6524,1.4374,,1431478.656,1323431.5365,0.5,0.5,1.0,1.0,1.0,0.5,0.5,1.0,0.5
300358,300358.SZ,AI智能体,2025-09-30,3896177526.22,84463541.4,45964388.08,0.1431,31.168056092098873,2.167856593586612,-33.16791071964437,-118.65946115243575,13166252736.71,4484715912.06,1.8833643659092485,0.6415154189202193,65.78914350982194,,0.0,147964543.11,-59946364.66999999,1.7518155248697636,,1.475,1.4187,3.022,,788032.0232,772833.0099,0.2,0.2,0.2,0.2,0.4,0.8,0.6,,0.6
300373,300373.SZ,5G概念,2025-09-30,5347737516.95,973605335.27,1131627914.34,1.8557000000000001,35.03671139488947,18.205929744758322,-11.36412375349327,-2.877597413947508,16320064809.98,9244357475.25,10.531887563593708,5.965695275147582,41.18298239453031,,0.0,1017314498.92,114705362.20999992,1.044894129136914,35.6121,5.0348,6.6896,4.8577,,4654317.1434,4644038.5688,0.5,0.7142857142857143,0.5,0.5714285714285714,0.7857142857142857,0.5714285714285714,0.5,0.42857142857142855,0.5
300394,300394.SZ,5G概念,2025-09-30,3918403111.99,1465355835.83,1690118343.43,1.8862999999999999,51.86741903968727,37.396760719848565,20.502934517364622,9.0682238059985,5846616056.67,4878048714.32,30.039795041986793,25.063315627819904,16.452115463827045,,0.0,1344182030.69,1293734224.38,0.9173075902950458,132.1889,49.6566,50.7239,6.9721,,24222724.3318,24174008.643,1.0,1.0,1.0,0.6428571428571429,1.0,0.07142857142857142,0.42857142857142855,1.0,1.0
300407,300407.SZ,一带一路,2025-09-30,1804840926.8,68964940.65,84496635.37,0.22,23.22175300529648,3.821109086454256,-18.412771364034832,-26.548995424693842,3425698679.2,1916082869.0,3.5992671176060713,2.013164236210796,43.36350134907102,,0.0,143145874.1,34374232.67999999,2.075632527931422,44.3334,2.2216,1.6461000000000001,3.8611,,427254.0582,344343.4466,0.125,0.375,1.0,0.25,0.25,0.75,1.0,1.0,0.875
300438,300438.SZ,低空经济,2025-09-30,7580860529.35,114548975.53,104220164.37,0.2276,14.900731611756152,1.5110286633887153,-4.76912739701989,-145.37388646012565,20322017270.83,5210194783.99,2.198554570013171,0.5636693149278164,73.62001021042805,,0.0,-11506476.57,-633474791.59,-0.1004502791645351,,4.6787,2.4638999999999998,4.8323,,2437691.8925,1957367.4046,0.25,0.25,1.0,0.25,0.25,1.0,0.25,,1.0
300442,300442.SZ,DeepSeek,2025-09-30,3977176152.28,4703767641.87,5128630330.0,2.74,48.11394307750242,118.26902962730142,-8.881293695228088,162.73097251214338,42036686187.33,13545011051.13,34.72693838428124,11.189672803675307,62.533210718529375,,0.0,2763993203.37,-2769130144.76,0.5876126147828094,26.8531,9.8736,27.3773,10.0469,,13373833.4579,13324984.532,1.0,0.8333333333333334,0.8333333333333334,1.0,1.0,0.6666666666666666,0.16666666666666666,0.6666666666666666,0.8333333333333334
300458,300458.SZ,DeepSeek,2025-09-30,2160705344.32,278444419.16,287131623.14,0.34,32.85049690074162,12.886737189407462,-5.559813882168307,66.98736678596255,3814821488.2,3127205657.19,8.90393692272227,7.299015695001297,18.02484947557657,,0.0,272188552.18,-143699647.87,0.9775327981114778,117.7263,11.0754,12.5339,2.1044,,3463493.2949,2835131.4063,0.3333333333333333,0.6666666666666666,1.0,0.8333333333333334,0.6666666666666666,0.16666666666666666,0.3333333333333333,1.0,1.0
300533,300533.SZ,IP经济,2025-09-30,1875949349.99,501891635.28,533613847.17,2.14,93.03317693674956,26.754007792517182,-32.718095878550976,-303.02476785811814,2901255421.52,1771753914.15,28.327389671425262,17.29911925565841,38.311650005902024,,0.0,590400050.09,-65043007.80999994,1.176349651176438,11.3267,5.3167,3.0483,5.9056,,817334.4274,575118.7671,1.0,1.0,0.5,0.25,1.0,0.75,0.75,0.14285714285714285,0.8571428571428571
300552,300552.SZ,ETC概念,2025-09-30,691137318.73,-116145568.86,-106579892.98,-0.5449,32.08480203145114,-16.804991672772555,-25.700102186504502,-69.91889601370642,2773693289.92,1795907623.84,-6.46723513605105,-4.187397693973219,34.566034914684195,,0.0,-119494957.74,-124963128.53,1.0288378533324616,,4.0374,7.2754,14.2443,,725078.847,468667.7733,0.5,0.5,1.0,0.5,0.5,0.5,1.0,,1.0
300556,300556.SZ,AIGC概念,2025-09-30,393473204.98,-122532416.26,-143978587.06,-1.01,8.199879303506833,-31.141235212249903,-33.07619131800361,-66.30429268708382,1521652208.88,466376499.89,-26.273282699471483,-8.052590174346673,69.81292266791402,,0.0,5684064.58,-202227136.32999998,-0.046388251807089595,,5.8153,4.7809,5.3872,,257960.0748,227074.0211,0.5,0.5,0.5,0.5,0.5,1.0,0.5,,1.0
300619,300619.SZ,光伏,2025-09-30,1370997265.93,11817483.66,11691403.63,0.0679,20.42322109811533,0.8619625985894106,-9.134920478394637,-114.64108816275899,4464014159.09,1577514523.48,0.749120434969474,0.26472773693910107,62.2023867739264,,0.0,255551286.58,124778487.14000002,21.62484788914868,,5.1808,5.1002,4.1705,,817276.3936,683244.6288,0.16666666666666666,0.3333333333333333,0.6666666666666666,0.16666666666666666,0.3333333333333333,0.8333333333333334,1.0,,0.8333333333333334
300628,300628.SZ,信创,2025-09-30,4298336791.76,1958115335.46,2166566329.22,1.549,63.94561510068543,45.555186350537895,-23.535317804625933,-26.049062111206755,9783329540.81,8674225657.77,22.573949683981347,20.01481527625083,11.336671001559383,,0.0,1459675269.72,2522300854.14,0.7454490771234848,18.004,5.2747,7.8751999999999995,1.7187000000000001,,4575431.9638,2621218.095,1.0,1.0,1.0,1.0,1.0,1.0,1.0,1.0,1.0
300681,300681.SZ,MCU芯片,2025-09-30,2357729747.34,148896740.81,147258481.39,0.57,15.654776857967592,6.315259031616574,-2.964314689596015,109.70747016809321,6292468320.39,2356358680.4,6.3189336177259845,2.3662692162869967,62.48921213998725,,0.0,614222323.26,18686043.090000033,4.125156265467084,46.9885,2.6176,2.4934,2.566,,792989.3859,597989.2283,0.5,0.5,1.0,1.0,0.5,0.5,1.0,0.6666666666666666,0.6666666666666666
300684,300684.SZ,5G概念,2025-09-30,1298271497.36,251699486.6,285123778.28,0.8446,33.91600501400381,19.38727662987473,-17.111419594848766,24.982506522384806,2624229467.75,2094656192.48,12.01626727591971,9.59136728297643,20.297153238153594,,0.0,104652559.89,88317984.7,0.41578376381956433,53.1521,8.146,9.6481,6.6042,,1706304.0434,1163914.3733,0.5714285714285714,0.8571428571428571,0.42857142857142855,0.7857142857142857,0.8571428571428571,0.14285714285714285,0.21428571428571427,0.5714285714285714,0.75
300850,300850.SZ,光伏,2025-09-30,3617924884.72,663842863.36,791375944.38,1.78,28.87973963342423,18.348718796337764,22.825638128843373,915.3969553684892,11470388983.98,6860485767.61,9.67632447390477,5.787448571161356,38.3726938888237,,0.0,79373327.68,-84182100.95999998,0.11956643968160895,23.4121,2.6117,3.8965,2.7832,,1791749.408,1301504.0249,0.6666666666666666,0.8333333333333334,1.0,1.0,0.8333333333333334,0.16666666666666666,0.16666666666666666,0.8,0.5
300926,300926.SZ,一体压铸,2025-09-30,4074726783.45,626801240.51,730496372.32,1.422,26.98876128938607,15.382656895078947,-3.603659337518972,2.2322585954133833,8317123983.29,3353738651.1,18.689626882655695,7.536273858238873,59.66078201249996,,0.0,-177929031.39,-812024243.09,-0.28386834596119676,14.9581,3.9886,2.3985,2.5793,,1304696.9646,895152.0468,1.0,1.0,1.0,0.5,1.0,1.0,1.0,0.5,1.0
300976,300976.SZ,人脑工程,2025-09-30,2278362203.67,231024308.23,269344189.79,1.75,23.110446437438554,10.139928930433651,-11.201067647175089,-4.42782331864251,4327185670.4,3524472379.94,6.554862212707506,5.338904447995281,18.293024213976654,,0.0,142891959.48,83952675.26999998,0.6185148245860846,27.7246,2.2755,2.6225,3.1279,,805698.1297,517753.0502,0.5,1.0,1.0,0.5,1.0,0.5,1.0,1.0,1.0
301031,301031.SZ,储能,2025-09-30,1433896304.32,242089094.63,269909731.65,2.35,40.50221601243439,16.883305571026387,0.9127080433375401,29.501476492007207,2788719235.24,1406748016.98,17.209129972666727,8.681013548112368,49.16786337051235,,0.0,278409292.41,-16038806.619999945,1.150028227564362,46.4175,10.1975,7.5939,5.0159,,1434524.9832,1000233.2072,1.0,1.0,1.0,0.75,0.75,0.5,0.5,1.0,1.0
301039,301039.SZ,冷链物流,2025-09-30,15012482427.86,621579641.09,885019037.35,0.33,15.174334528927949,4.140418775355096,-28.505865438678903,-42.731008557996354,23196721296.84,14532168468.09,4.277266964354809,2.67960128130123,34.90441071309064,,0.0,972688490.49,1163744385.78,1.5648654270340911,22.073,1.3129,0.9451,1.7179,,1907858.6596,1478571.195,0.2,0.8,0.2,0.2,1.0,0.2,1.0,0.8333333333333334,0.5
301097,301097.SZ,婴童概念,2025-09-30,387051372.64,20094143.6,23027699.52,0.34,38.3941792652468,5.191596005187081,-7.615441944455393,-2800.9506353519573,2070482402.06,1181781262.98,1.7003268057686296,0.9705054039584007,42.92241934516315,,0.0,33748705.96,-145794373.16,1.6795294505609086,250.7879,2.7603999999999997,6.6005,2.7032,,326214.7345,160161.5305,0.5,0.5,1.0,0.5,0.5,1.0,0.5,1.0,1.0
301128,301128.SZ,CPO概念,2025-09-30,1371549095.51,115923884.27,154466137.65,1.1207,26.167360875736385,8.452040444596305,21.749896399043035,18.838107519582014,2187011828.53,889854416.19,13.027286504498074,5.300560461436472,54.31285117823981,,0.0,-30425050.08,-384160558.38,-0.2624571310010332,81.9935,12.3569,6.4187,7.9386,,1099580.7001,937899.3143,1.0,1.0,1.0,0.5,0.5,1.0,0.5,0.5,1.0
301186,301186.SZ,华为汽车,2025-09-30,565978884.06,110010933.84,126381289.84,1.3900000000000001,36.520525586973605,19.437285902054544,-21.46453908359417,13.883342467579451,2308068860.77,1603265080.79,6.861680900939521,4.7663627246935345,29.906881985735772,,0.0,81880030.45,-87492929.17999999,0.7442899318451963,31.3287,2.5937,5.3363,3.542,,408225.3323,383390.6423,1.0,1.0,1.0,1.0,1.0,1.0,1.0,1.0,1.0
301200,301200.SZ,PCB概念,2025-09-30,3902817223.55,491706807.07,558043190.68,1.16,31.72647731716502,12.598765940228782,16.74276168743074,63.2601944437033,9193728100.09,5630601202.92,8.732758534115389,5.348285284455895,38.57836165010448,,0.0,-695697598.32,-798971791.01,-1.4148626545675616,120.2293,7.2693,14.4662,4.2681000000000004,,7091818.1848,6278653.3072,1.0,1.0,1.0,1.0,1.0,1.0,1.0,1.0,1.0
301280,301280.SZ,人形机器,2025-09-30,1313965551.18,161092493.51,197108159.68,1.19,22.82268373175327,12.26002412052064,-18.026215373932597,-13.25326567079922,2792450272.77,1866378707.28,8.631286505875915,5.768858091435327,31.250713428975597,,0.0,-9281399.67,-108252769.48,-0.057615345493574145,38.1184,4.3239,4.5322,4.6645,,807002.826,236753.076,1.0,1.0,1.0,0.6666666666666666,0.6666666666666666,0.6666666666666666,0.6666666666666666,0.6,0.5
301283,301283.SZ,婴童概念,2025-09-30,1538527191.68,141824234.94,175954026.3,1.7877,19.74467222826849,9.218181888948907,-23.31946614454241,81.46083242744578,2488606227.7,1636905952.03,8.664165144253856,5.698942378323777,34.26423337484281,,0.0,728462954.17,322091106.15,5.1363785214718956,25.2477,2.3596,1.8416000000000001,3.6586,,386246.7991,220204.116,1.0,1.0,0.5,1.0,1.0,0.5,1.0,0.5,0.5
301289,301289.SZ,6G概念,2025-09-30,255518714.79,66023672.79,80882142.13,0.8465,60.1165750290521,25.839075170780372,-13.708427598447436,-12.294628134442043,1325694693.83,988297933.73,6.68054344106698,4.9803075396835315,19.092087087470578,,0.0,97647270.06,47387662.78,1.4789736155785285,53.61,4.7346,14.0381,4.0366,,467922.0,464927.8991,1.0,1.0,1.0,1.0,1.0,0.5,1.0,0.5,1.0
301338,301338.SZ,CPO概念,2025-09-30,774924360.12,121256990.94,136268698.9,1.1400000000000001,42.04453732742981,15.647590549511554,-9.535077200225272,71.95631583233538,2696039074.33,1565797489.16,7.744104316136722,4.497597683005908,41.21912025797208,,0.0,84999407.88,-11948230.600000009,0.7009856274765975,90.3428,8.524000000000001,12.661200000000001,8.2886,,1334681.6,741977.6,0.5,0.5,0.5,1.0,1.0,0.5,1.0,1.0,0.5
301607,301607.SZ,三代半导,2025-09-30,2559355798.34,136959597.67,133048366.29,0.88,19.489231902556163,5.351330899706562,32.345616597971436,44.76970131203264,3470677887.77,1139588524.71,12.018337733336965,3.9461915538926617,67.16524663018454,,0.0,-4157788.77,-289772474.62,-0.030357775875028973,52.093,6.8123000000000005,2.3454,3.2856,,776324.893,558667.9628,1.0,1.0,1.0,1.0,1.0,1.0,1.0,1.0,1.0
600000,600000.SH,含可转债,2025-09-30,132280000000.0,38819000000.0,42207000000.0,1.28,100.0,29.346084064106442,-22.529107222339352,-14.22542369136266,9892214000000.0,832293000000.0,4.6641026657679445,0.39241973535954644,91.49994126693983,,0.0,165476000000.0,220809000000.0,4.262757927818852,6.5857,0.4469,1.8935,0.5632,,32939474.0787,32939474.0787,0.5,0.5,1.0,0.5,1.0,1.0,1.0,0.5,0.5
600008,600008.SH,PPP概念,2025-09-30,13452616020.89,1434099316.2,2406673714.33,0.1954,37.042723202251324,10.660375007902163,-32.904621184128914,-59.351583753948404,111409208548.43,31887645924.84,4.49735085361964,1.287235889102104,63.59311305619039,,0.0,2140816013.38,994088154.4000001,1.492794808000202,12.9571,1.0765,1.1289,1.7591999999999999,,2216858.3845,2216858.3845,0.2857142857142857,0.7142857142857143,0.625,0.125,0.75,0.42857142857142855,1.0,0.8888888888888888,0.5555555555555556
600011,600011.SH,临界发电,2025-09-30,172974894698.0,14840905124.0,22901681581.0,0.81,19.94824023754643,8.579802953434951,-29.556406372298216,46.42508197247124,596198991252.0,147023485400.0,10.09424112319405,2.4892536454707086,63.77871074647251,,0.0,52772770228.0,16963278053.0,3.555899710096415,7.513,1.6366,0.4673,1.1058,,10941571.0712,7665403.8135,0.6,0.6,0.4,1.0,0.6,0.8,0.6,0.2,0.8
600018,600018.SH,一带一路,2025-09-30,29948900398.01,11272534708.81,14716809833.55,0.4852,38.27732446180802,37.63922734725519,-21.428962999898683,-24.620382508324557,220945706789.22,140028265433.93,8.050185206449449,5.101947837150728,29.84443193049055,,0.0,9850357550.88,7254050565.529999,0.8738369679342389,8.7039,0.8399,2.9572000000000003,1.4308,,11663260.2125,11646605.8934,0.875,0.875,0.625,0.375,1.0,0.125,0.375,0.125,0.25
600019,600019.SH,AI智能体,2025-09-30,232436485308.62,7959428806.93,11461325437.76,0.37,7.186670517625708,3.424345707328084,-27.84071685609636,8.116126835827275,376262777054.35,204250525565.9,3.896895141335608,2.1153909693757154,40.649349036930396,,0.0,30843010585.2,13482219964.830002,3.875028137489722,15.9687,0.738,0.4836,2.4409,,15073202.6463,15073202.6463,0.4,0.6,0.4,0.8,0.6,0.4,1.0,0.5,0.2
600027,600027.SH,临界发电,2025-09-30,95872265000.0,6437191000.0,9890830000.0,0.54,12.123732551849068,6.714341212236928,-15.152766679718399,12.880280135396195,260506398000.0,69680916000.0,9.238097558878245,2.4710299053768345,60.4070848962412,,0.0,22977330000.0,14566088000.0,3.5694653149176405,8.0644,1.1822,0.454,1.7409,,5631710.4792,4127508.8535,0.4,0.4,0.6,0.6,0.4,0.6,0.8,0.4,0.4
600036,600036.SH,中特估,2025-09-30,251420000000.0,113772000000.0,135227000000.0,4.43,100.0,45.25176994670273,-25.502536386478923,-23.329581982734805,12644075000000.0,1267285000000.0,8.977617505138939,0.8998048493068888,89.91514998131535,,0.0,176134000000.0,-149345000000.0,1.5481313504201386,6.5006,0.9173,2.8923,0.6019,,97626022.3215,79854643.8847,0.6666666666666666,0.1111111111111111,0.6666666666666666,0.5555555555555556,0.8888888888888888,1.0,0.6666666666666666,0.2222222222222222,0.1111111111111111
600057,600057.SH,乡村振兴,2025-09-30,316864716075.74,1633367547.82,2419511849.16,0.49,1.8976661551558436,0.5154778884972402,-13.583279894952472,15.12139240108401,130216894488.13,30465726150.11,5.361328135663369,1.254343804036035,71.54723614518595,,0.0,7123598362.15,6295345027.889999,4.361295393469537,10.6796,1.4335,0.0599,1.2691,,2309399.1326,1701210.7633,0.14285714285714285,0.14285714285714285,0.8571428571428571,0.7142857142857143,0.14285714285714285,0.8571428571428571,1.0,0.14285714285714285,0.14285714285714285
600060,600060.SH,AI智能体,2025-09-30,42830391096.0,1628507939.08,2144849378.39,1.254,15.664253869903538,3.802225236351131,-26.82348501874532,-27.499982447501882,45290529185.17,20435500172.99,7.969014339235164,3.5956920097397345,42.27336266428333,,0.0,3430653940.32,1396052733.2800002,2.106624019443279,11.75,1.4745,0.4963,2.0945,,3013180.9345,3002089.5768,1.0,1.0,0.6,0.6,0.8,0.6,0.8,0.25,0.4
600096,600096.SH,乡村振兴,2025-09-30,37598927790.04,4728849522.94,5973754280.14,2.5833,20.85147823693208,12.577086105611441,-38.90022858198,-11.327848566461896,49969662558.95,24219188002.64,19.52521910488714,9.463440977535722,47.38339529511029,,0.0,7850443774.01,6563487284.110001,1.660117061438922,11.5695,2.6932,1.2445,2.4943,,6522660.8355,6522660.8355,1.0,0.7142857142857143,0.14285714285714285,0.42857142857142855,0.5714285714285714,0.5714285714285714,0.42857142857142855,0.2857142857142857,0.2857142857142857
600153,600153.SH,光伏,2025-09-30,498983389083.94,1148597967.06,1747385427.02,0.26,3.9811025115483933,0.2301876158981277,-28.84840068968153,-61.009052932680596,887321993077.7,72261717775.81,1.5894971810987024,0.12944545227331256,74.27464108323288,,0.0,6685552199.23,-16309569012.86,5.820619913112525,13.2147,0.4882,0.0385,0.7691,,2690771.7753,2690771.7753,0.3333333333333333,0.16666666666666666,0.3333333333333333,0.3333333333333333,0.16666666666666666,1.0,0.8333333333333334,0.2,0.16666666666666666
600160,600160.SH,PVDF概念,2025-09-30,20393824651.95,3248112323.66,4175030422.42,1.203,28.858067344652138,15.926940527800529,-16.631863142104542,65.75935431687829,34249459234.57,20434562874.26,15.895188674436591,9.483689366930175,32.96854972656845,,0.0,3627605699.16,381317512.8999996,1.116835053004689,26.5253,5.2524,3.8879,1.3023,,10477714.5404,10477714.5404,1.0,1.0,1.0,1.0,1.0,1.0,1.0,1.0,1.0
600166,600166.SH,冷链物流,2025-09-30,45449365986.35,1112648015.41,1068668821.42,0.1405,10.16057340845397,2.448104591259131,-4.713396629569533,1281.437158263968,58093378616.06,15362574398.84,7.242588296229921,1.9152751000479888,72.46090836221872,,0.0,1697913284.95,1276288846.43,1.5260111566588606,32.8762,1.6286,0.436,2.5507999999999997,,2501898.516,2501898.516,0.8,0.4,1.0,1.0,0.4,0.8,0.6,1.0,0.8333333333333334
600177,600177.SH,互联金融,2025-09-30,6777235254.05,2349136538.17,2486228972.57,0.51,51.96812200705725,34.66216606198202,-52.233354739311075,-15.115961899149866,73402207433.1,42815810699.62,5.486609969038491,3.2003622511094676,41.39351101507711,,0.0,668014699.05,6252404424.66,0.28436605884577054,12.8692,0.7896,2.6676,1.2356,,3351995.379,3351995.379,1.0,1.0,0.6666666666666666,0.6666666666666666,1.0,0.3333333333333333,0.6666666666666666,0.5,0.5
600180,600180.SH,互联金融,2025-09-30,16014268703.33,74760377.32,106589483.34,0.0693,3.661586678872627,0.4668360366930421,-49.158580014137364,12.267156005754853,30854176419.24,7881833047.08,0.9485151090290682,0.24230229419891766,74.29196819289017,,0.0,42206673.53,3444126.200000003,0.5645593968759814,248.5081,0.5067,0.1597,4.4464,,398792.2793,398792.2793,0.3333333333333333,0.3333333333333333,1.0,1.0,0.3333333333333333,0.6666666666666666,1.0,1.0,0.25
600183,600183.SH,5G概念,2025-09-30,20613555150.44,2443164415.82,3234757157.96,1.01,26.736711130939284,11.852222472006972,1.1046757361728554,40.51919538747448,32041470483.26,15532948874.27,15.728915581941108,7.625007151580094,45.387740843629224,,0.0,3175998085.6,1399793522.35,1.2999526618162693,55.5494,10.0486,5.944,2.6344,,15607091.0528,15384672.4202,0.7857142857142857,0.7857142857142857,0.8571428571428571,0.9285714285714286,0.6428571428571429,0.6428571428571429,0.5714285714285714,0.7142857142857143,0.8125
600210,600210.SH,低空经济,2025-09-30,7821981737.44,965686255.16,1178221320.06,0.637,23.560606323700668,12.345800432360157,-26.464048196646907,19.39541734830199,13364155868.66,6668093096.47,14.482195152182584,7.225942772970873,48.24939453027003,,0.0,894413662.19,103514344.4000001,0.926194876866927,9.1836,1.7173,1.016,1.6307,,1145135.7993,1145135.7993,1.0,1.0,0.5,0.75,1.0,0.25,0.75,0.3333333333333333,0.5
600219,600219.SH,商业航天,2025-09-30,26325176298.97,3772447759.56,5371401955.11,0.33,26.630924157283985,14.330189916743693,-21.36381809684822,-21.8947525103141,73294430939.75,52017826361.92,7.252221062281153,5.146977350381578,17.56473347668495,,0.0,6220591766.67,2601788261.4300003,1.6489537200100393,15.05,1.5865,2.1627,3.5341,,7694080.0445,7694080.0445,1.0,1.0,1.0,1.0,1.0,1.0,1.0,1.0,1.0
600262,600262.SH,无人驾驶,2025-09-30,2450309739.41,181231226.67,246318581.48,1.07,19.883113586991257,7.396257858961045,-16.040935154155267,1.2978572024980206,5222130966.38,1760538031.19,10.294081891971423,3.470445835938698,63.481193065673324,,0.0,837566073.27,841678038.6,4.621532881831153,20.4914,2.9306,1.4891,2.9929,,515950.0,515950.0,1.0,1.0,1.0,1.0,1.0,1.0,1.0,1.0,1.0
600269,600269.SH,核电核能,2025-09-30,4398682698.32,1628393557.55,2302921425.8,0.7,41.413809309677,37.02002779541103,-26.50545955112189,27.29850006475061,38296286457.56,19886783799.65,8.18832031340663,4.252092586978605,43.0640709054033,,0.0,2088741121.82,869748092.0699999,1.2827004332801561,8.617,0.5821,1.8075,1.2601,,1137343.2158,1137343.2158,1.0,1.0,1.0,1.0,1.0,1.0,1.0,1.0,1.0
600285,600285.SH,创新药,2025-09-30,3041361639.17,650932609.77,758364587.13,1.148,81.0184028079756,21.402670481095505,-13.124586993571953,-9.911845408600827,5755687724.88,3248239730.07,20.039549536449154,11.309380231943894,42.95581216389823,,0.0,490387656.36,-703894621.2399999,0.7533616368263886,15.2274,3.7485,3.2185,0.9079,,1217596.9484,1214913.1984,1.0,1.0,1.0,1.0,0.6666666666666666,1.0,0.3333333333333333,0.5,0.5714285714285714
600288,600288.SH,6G概念,2025-09-30,1296405811.96,68738990.09,86224315.74,0.1574,36.10215615605717,5.302274137916385,-26.45776897056046,-314.69944173530087,3240837777.47,1903362574.35,3.61145012602102,2.1210253277059103,30.542204920319026,,0.0,50817940.77,82946261.2,0.7392884402791493,160.4972,3.6374,3.6189999999999998,2.2538,,692328.0,692328.0,0.5,0.5,0.5,0.5,0.5,1.0,0.5,1.0,0.5
600350,600350.SH,智慧城市,2025-09-30,16841133292.94,2619001648.12,4273379614.7,0.454,33.230712938695696,15.551219757983365,-40.89643294200791,-18.057056655821356,162946608868.09,44587656252.15,5.8738266781935025,1.6072759453620526,63.829143582396995,,0.0,5036460366.86,2251834521.6099997,1.9230458944061093,14.5934,1.6274,1.8932,0.5541,,4815232.5417,4815232.5417,1.0,1.0,1.0,1.0,1.0,1.0,1.0,1.0,1.0
600352,600352.SH,分散染料,2025-09-30,9670789693.71,1397092631.88,1994970980.01,0.4294,29.320880437036934,14.446520668200305,-39.11560707512323,-31.18751105320008,76497730532.43,34150300567.64,4.091011231695721,1.8263190582990234,51.18353685521584,,0.0,5564486386.36,1122177349.8899994,3.9829043968774918,25.773,1.5652,3.5766999999999998,3.4243,,5345224.246,5345224.246,1.0,1.0,1.0,1.0,1.0,1.0,1.0,1.0,1.0
600362,600362.SH,含H股,2025-09-30,396046714556.0,6023392762.0,7809237434.0,1.74,3.57639759564202,1.520879366150709,-23.972885394405075,-13.484322346145062,235502162341.0,81677331590.0,7.374619915640659,2.5576804485040396,60.88027501012847,,0.0,6287997514.0,-1442260602.0,1.043929519866166,23.8151,2.3731,0.366,4.2904,,19055399.9157,11420086.4697,0.6,0.4,0.4,0.4,0.2,0.8,0.6,0.8333333333333334,0.6666666666666666
600378,600378.SH,口罩防护,2025-09-30,12301111816.4,1231545950.26,1584439719.76,0.9548,25.18153352723962,10.011663731225394,-11.922958473333756,16.867552509087492,30811278752.63,17997043577.1,6.8430458868647595,3.997062115297234,39.68589281418987,,0.0,790761611.04,-322603456.78,0.6420885967535819,31.9755,2.5482,2.8554,1.1302,,4585948.6491,3812969.8655,0.6666666666666666,0.6666666666666666,1.0,0.6666666666666666,0.3333333333333333,1.0,0.6666666666666666,1.0,1.0
600415,600415.SH,IP经济,2025-09-30,13061129917.64,3457312925.46,4337960951.98,0.63,37.22527964539623,26.470243748135825,-17.005710846374733,12.481316964500655,45298498791.54,22184712232.78,15.58421353039457,7.63229029149569,50.85774885909148,,0.0,9605196694.05,8069436546.23,2.778226009950203,19.6917,3.7298999999999998,4.5502,3.541,,8274690.872,8274690.872,0.75,0.5,1.0,1.0,0.75,1.0,1.0,0.7142857142857143,0.5714285714285714
600461,600461.SH,PPP概念,2025-09-30,5425576040.89,932706356.64,1232702359.19,0.73,34.88473228603991,17.190918523869787,-34.049313618407076,-21.619950113668374,25034687589.88,9730961628.24,9.584935099663884,3.7256560653748134,56.36636010957962,,0.0,980740768.93,349404952.13,1.0515000374426953,10.2338,1.2734,1.5344,1.4243999999999999,,1228936.7006,1228936.7006,1.0,1.0,0.5,0.75,0.875,0.14285714285714285,0.75,0.6666666666666666,0.8888888888888888
600502,600502.SH,BIPV概念,2025-09-30,45026073452.23,808740793.2,1464961777.12,0.47,13.103260880208515,1.7961610489043112,-53.3418199286837,-39.86481283895813,205573414155.92,16649167462.34,4.857544949495832,0.39340728786388657,86.36374050207273,,0.0,-1966806815.86,-9810215970.12,-2.4319371947070962,6.7274,0.7302,0.0915,1.1036,,801621.349,801621.349,0.75,0.25,0.25,0.25,0.5,1.0,0.25,0.25,0.2
600511,600511.SH,冷链物流,2025-09-30,39381301380.27,1492265301.07,1945535747.92,1.9778,6.345230430988017,3.78927371307649,-22.167418427546405,-25.39147048006052,35125161234.99,18042614851.34,8.270781776174596,4.248422636658183,43.25799533148912,,0.0,-2050432782.11,-2058307297.58,-1.3740403805139587,10.8498,1.2094,0.42,1.0414,,2182022.6702,1600277.8582,1.0,1.0,0.6,0.8,0.8,0.4,0.2,0.3333333333333333,0.3333333333333333
600517,600517.SH,智能电网,2025-09-30,5055996965.75,2232803687.76,3884101112.07,0.39,44.548162812097814,28.369949900054216,-32.0930849769367,41.832816477295644,49301529404.9,23158752550.19,9.641295155777645,4.528873068870933,44.03065627879385,,0.0,-1941013115.0,-317945114.6099999,-0.8693165125265754,16.1745,1.6444999999999999,4.9833,4.3845,,3808478.2055,3808478.2055,1.0,1.0,1.0,1.0,1.0,1.0,1.0,1.0,1.0
600519,600519.SH,白酒概念,2025-09-30,128453707655.86,64626746712.18,89489694566.48,51.53,91.45634854322161,49.369615289842294,-24.83654486000415,-25.051448518698383,304738184929.86,257069964386.23,25.13975013241249,21.207301844058303,12.808752557869985,,0.0,38196802155.27,32773434059.53,0.5910370566134526,20.6604,8.1913,10.4157,0.7674,,185999695.034,185999695.034,1.0,1.0,1.0,1.0,1.0,1.0,1.0,1.0,1.0
600549,600549.SH,光伏,2025-09-30,32000882869.43,1781787324.47,3087742512.91,1.1223,18.02434120350486,5.56793177157033,-9.0792602241474,3.116648373191211,50373325567.93,16782039420.61,10.61722761943813,3.537164370986792,49.23177851824941,,0.0,2445294327.16,799737569.8199999,1.3723828279491004,40.8747,5.4926,2.0328,6.411,,9446135.6647,9245895.281,0.8333333333333334,0.6666666666666666,0.8333333333333334,0.8333333333333334,0.5,0.5,0.3333333333333333,1.0,1.0
600566,600566.SH,创投概念,2025-09-30,3932057245.53,1022463426.87,1255128353.42,1.11,76.28188607324576,26.003269103783932,-50.95286435838297,-59.61123473452816,16533531541.81,13829413055.71,7.39339712214205,6.184180459476514,16.18388005855567,,0.0,703511369.4,140745692.11,0.6880552897169271,15.1661,1.8088,4.076,1.0149,,2504213.6987,2495760.9905,1.0,1.0,0.5,0.5,1.0,0.5,1.0,0.5,1.0
600569,600569.SH,未知,2025-09-30,23290062909.61,58334184.57,116738743.45,0.02,9.193443377847263,0.25046812795825474,-21.42311877566,-101.78333721263182,46572041562.69,2728566831.89,2.137905653921388,0.12525580286506688,89.47681280681454,,0.0,1081560144.26,498405177.17999995,18.54076048602594,,2.4423,0.2317,3.7385,,666401.7616,666401.7616,0.16666666666666666,0.16666666666666666,0.6666666666666666,0.16666666666666666,0.16666666666666666,0.6666666666666666,1.0,,0.75
600582,600582.SH,中俄贸易,2025-09-30,20470836040.2,2339951208.19,4283682327.69,0.565,27.17089688724632,11.43065775914025,-32.941121771126866,-10.746646730823684,58435825891.8,25506430404.33,9.173965823899714,4.0043092956753314,45.21580857967765,,0.0,-3636191332.54,-4738784311.9,-1.5539603218276794,8.8089,0.9622,0.846,1.8932,,2454183.213,2454183.213,0.75,0.75,0.125,0.875,0.75,0.25,0.125,0.25,0.25
600583,600583.SH,光伏,2025-09-30,17661136000.0,1604905200.0,1878391100.0,0.36,14.377411509656005,9.08721386891534,-41.03995865264059,-25.746843499244886,47882501000.0,26987172300.0,5.946918714414552,3.3517572526130164,39.35075404686986,,0.0,2528966200.0,1928619100.0,1.575772949081354,15.0023,1.1239,1.1155,5.5394,,3033049.3928,3033049.3928,0.5,0.5,0.16666666666666666,0.5,0.6666666666666666,0.3333333333333333,0.6666666666666666,0.4,0.3333333333333333
600590,600590.SH,云计算,2025-09-30,2902949217.69,49011359.94,119917949.05,0.0575,19.86916076881901,1.688329910882851,-33.356250566410004,-104.94547491387378,12289060837.48,3197851933.34,1.532633810496974,0.3988210375728784,64.70632032635132,,0.0,-216015447.65,360819834.69000006,-4.407456718492354,,3.4404,2.3528000000000002,14.6652,,1100201.9775,1088204.6847,1.0,1.0,1.0,1.0,1.0,1.0,1.0,,1.0
600598,600598.SH,乡村振兴,2025-09-30,4108363488.32,1356795537.94,1368982797.84,0.763,40.61230855530476,33.02520679577998,-23.04621950801382,24.796081411598724,10745351233.22,8198186154.42,16.54994790778802,12.626814224046697,25.656049944249943,,0.0,2987908292.78,46764322.29000044,2.2021802174530225,24.6897,3.3024,5.3202,2.9312,,2707406.5014,2707406.5014,0.8571428571428571,1.0,0.42857142857142855,1.0,1.0,0.2857142857142857,0.5714285714285714,1.0,0.8571428571428571
600600,600600.SH,含H股,2025-09-30,29366671110.0,5274352712.0,7139587453.0,3.867,43.65595040029718,17.960335688861807,-8.622732124193721,21.38946620685005,51390464744.0,31333133632.0,16.833147855385242,10.263290550638185,37.34580159491698,,0.0,5816206274.0,1137753779.0,1.1027336607138911,18.1345,2.6794000000000002,2.5796,0.9578,,8395256.7746,4363961.0532,1.0,1.0,1.0,1.0,0.6,0.4,0.8,0.6666666666666666,0.8333333333333334
600660,600660.SH,光伏,2025-09-30,33301907930.0,7063854155.0,8572081293.0,2.71,37.35981386757741,21.211559919774242,-15.15795701702034,-5.789855300663516,70641939363.0,35473992872.0,19.912768716192573,9.999519009099886,49.79043168430121,,0.0,9884629654.0,5432972442.0,1.3993252744329912,17.0611,4.6782,3.5029,1.1058,,15496657.093,11893732.8394,1.0,1.0,0.5,0.6666666666666666,1.0,0.6666666666666666,0.5,0.6,0.6666666666666666
600683,600683.SH,养老概念,2025-09-30,554805904.47,-373760414.88,-540062385.34,-0.74,-5.793631890184405,-67.3677788698102,-60.83573460194289,-64.5600953195913,60371533224.34,4580694798.87,-8.159469933954169,-0.6191004185550666,91.12944992534841,,0.0,259093511.76,265621804.82,-0.6932074704679063,,,5.8814,12.3034,,497061.7676,497061.7676,1.0,1.0,1.0,1.0,1.0,1.0,1.0,,
600690,600690.SH,含H股,2025-09-30,234053617957.34,17372697304.12,21508519821.55,1.8900000000000001,27.20772798141356,7.422528844346448,-18.15769801306397,-7.301713077094673,291516018779.6,119576206497.34,14.528556987218405,5.959431449718922,56.48391471826821,,0.0,17491126692.81,2666281039.7700005,1.0068169833743617,11.4987,2.0586,0.7601,0.7389,,24100508.2005,16070283.0163,0.8,0.8,0.6,0.8,0.4,0.6,0.4,0.16666666666666666,0.5
600694,600694.SH,免税概念,2025-09-30,4831465006.7,445096562.06,659789636.52,1.28,41.00312005474097,9.212455465221533,-30.47720815520418,-24.07137831193561,17445839879.5,8828597955.93,5.041531671073969,2.551304867718163,47.59627140495102,,0.0,299335457.22,681616676.73,0.6725180168424868,12.2577,0.6972,0.944,1.2464,,612956.9338,612956.9338,1.0,1.0,1.0,1.0,1.0,1.0,1.0,0.5,0.5
600704,600704.SH,人脑工程,2025-09-30,432979488184.82,3051425031.05,5570288786.98,0.58,2.1745165442620427,0.7047504822555198,-27.778922028783427,-0.895701111602798,221638405824.28,42942880584.94,7.105776299785836,1.3767582471556123,73.11358792189436,,0.0,-8010881681.87,-9393901622.34,-2.6252919866471185,7.596,0.7138,0.0489,1.7812000000000001,,2885518.3786,2885518.3786,1.0,0.5,0.5,1.0,0.5,1.0,0.5,0.5,0.5
600710,600710.SH,BIPV概念,2025-09-30,87423268247.67,1103686476.28,3356794687.76,0.84,6.448989997545938,1.2624630700756436,-25.39047608338183,-3.889632156654932,60080520058.24,8230469781.31,13.409762815559867,1.8370121883268056,73.85940379751088,,0.0,449200826.86,93243193.33000004,0.4070003905221721,11.5709,1.8433000000000002,0.1331,3.5231,,1568099.3208,1568099.3208,1.0,1.0,0.75,0.5,0.25,0.75,0.5,0.5,0.8
600737,600737.SH,乡村振兴,2025-09-30,20304778409.41,815120379.37,1038210399.58,0.3811,8.554126800098718,4.014426372622921,-37.51876151345059,-52.425265379484564,21140491112.96,11277452737.48,7.2278767053573345,3.8557305741601122,45.453629340470755,,0.0,3182344294.15,2730456742.1,3.904140265281563,24.5769,2.9776,1.116,1.3940000000000001,,3357991.718,3357991.718,0.2857142857142857,0.42857142857142855,0.2857142857142857,0.14285714285714285,0.2857142857142857,0.42857142857142855,0.8571428571428571,0.8571428571428571,0.7142857142857143
600739,600739.SH,创投概念,2025-09-30,8113593286.63,1364574582.38,1540840682.86,0.8964,12.487126338826084,16.818375461691147,-28.130087061966336,551.1714997989072,49172317766.79,29417827631.51,4.638597382079899,2.775086968346256,31.75032020447952,,0.0,-43725373.9,156824046.18,-0.032043227585066926,20.7262,0.6079,1.608,1.6737,,1788230.7749,1788230.7749,0.5,0.5,1.0,1.0,0.5,1.0,0.5,1.0,0.5
600741,600741.SH,小米概念,2025-09-30,130853126828.66,4687572738.7,6212659889.63,1.487,11.82029654013763,3.5823161832716006,-22.50433257459078,-29.939010782622542,198243635482.1,64724569941.74,7.242338949365576,2.364551440605141,65.41391162858748,,0.0,9977266495.23,9975348538.97,2.128450490561771,8.698,0.9279,0.3333,0.5022,,6005939.1895,6005939.1895,1.0,1.0,1.0,1.0,1.0,1.0,1.0,1.0,1.0
600742,600742.SH,低空经济,2025-09-30,14272893104.39,392462655.67,678779476.39,0.5282,10.837603111763155,2.7497064035972354,-27.313754740487926,-22.855193090872028,23272870146.24,8678716803.56,4.522127689533692,1.6863526209009798,56.069148625306966,,0.0,1132204434.65,821974848.8200002,2.88487176625031,14.705,0.8792,0.3722,1.3197999999999999,,735627.3012,735627.3012,0.5,0.5,0.25,0.5,0.5,0.5,1.0,0.6666666666666666,0.25
600745,600745.SH,5G概念,2025-09-30,29768566196.09,1513430765.43,1764499465.36,1.22,16.98451128440339,5.0839894520307265,-59.552471681103434,-153.42111795946306,54381505394.22,35501469964.1,4.263008734456405,2.782987992809145,33.861119348743095,,0.0,5422301325.22,7452202607.27,3.582787828209242,,1.2161,0.8226,3.3172,,4129754.1448,4129754.1448,0.21428571428571427,0.21428571428571427,0.07142857142857142,0.14285714285714285,0.2857142857142857,0.35714285714285715,1.0,,0.1875
600795,600795.SH,临界发电,2025-09-30,125205417080.33,6776779903.1,15192289155.85,0.38,16.749821162669722,5.412529314727745,-30.123889731813257,-31.06734757735946,517828360037.58,61217521294.08,11.070000483269068,1.3086923054210846,73.33308231251787,,0.0,42783284543.15,9630452236.780003,6.313217362065872,11.1337,1.3894,0.4843,2.0101,,8257891.635,8257891.635,0.8,0.2,0.2,0.2,0.2,1.0,1.0,0.8,0.6
600820,600820.SH,EDA概念,2025-09-30,34394800186.77,1209582597.62,1654963119.65,0.35,15.89563698012989,3.5167600656254643,-50.01884775049533,-57.424417721492475,171902632463.26,39123306403.11,3.091718744722065,0.7036440223674403,75.61936769492029,,0.0,357493619.81,711003543.47,0.29555122611172807,7.9861,0.6599,0.3377,1.2703,,2037374.2689,2037374.2689,1.0,1.0,1.0,1.0,1.0,1.0,1.0,1.0,1.0
600839,600839.SH,AI智能体,2025-09-30,81888873793.4,1007829975.57,2474954108.37,0.2183,9.370861983143397,1.2307288266201901,-21.026177139912548,43.254803712151755,98987141700.5,15462764832.95,6.517786349711466,1.0181423145031667,73.66052435582317,,0.0,1002489856.31,-2766543099.32,0.994701368892129,32.8287,2.9018,0.4144,1.9036,,4486989.3838,4485739.7893,0.8,0.4,1.0,1.0,0.2,1.0,0.4,1.0,1.0
600853,600853.SH,PPP概念,2025-09-30,10770921589.61,256814331.78,310947658.31,0.25,13.370660287688027,2.3843301582264966,-41.11171945327526,-37.811396666016265,,,,,,,,-1369407529.15,-1639541216.24,-5.332286246092773,10.6288,1.2092,0.2431,5.7453,,429949.4603,429807.1235,,,0.25,0.5,0.375,,0.25,0.7777777777777778,0.7777777777777778
600873,600873.SH,代糖概念,2025-09-30,18215447345.0,3025092355.05,2658930345.81,1.06,21.263608201767166,16.60729104125112,-27.33959125234069,10.387619049821373,25991339903.1,16115834769.45,18.770931809157783,11.638847271160484,37.99536757422861,,0.0,4711159998.34,1136477927.71,1.5573607167646728,8.1966,1.9175,1.256,1.3169,,3090274.2983,3090274.2983,1.0,1.0,1.0,1.0,1.0,1.0,1.0,1.0,1.0
600894,600894.SH,工业气体,2025-09-30,4817123712.95,398000746.33,422688619.27,0.4638,15.524018622972866,8.262207284816956,-33.64889468242048,-50.96485487899347,14630498736.47,8616062685.54,4.619287960821699,2.720349821963953,38.234255598723834,,0.0,4628296.22,579088697.71,0.011628863168418472,12.1387,0.9454,1.1307,1.1078999999999999,,806539.4088,798457.7894,1.0,1.0,1.0,1.0,1.0,1.0,1.0,1.0,1.0
600916,600916.SH,中特估,2025-09-30,45763971741.07,334879587.46,386591021.38,0.2,3.7450303440816013,0.7317537676902913,-24.31254264517493,-59.08068179933015,13721764133.69,7197637847.08,4.652631801916192,2.4404995173892816,46.81570962539567,,0.0,-901829053.81,-926996860.3299999,-2.6929949975458563,44.462,2.5185,0.3039,7.5355,,1812720.0,1812720.0,0.1111111111111111,0.3333333333333333,0.7777777777777778,0.1111111111111111,0.1111111111111111,0.7777777777777778,0.1111111111111111,1.0,1.0
600927,600927.SH,互联金融,2025-09-30,8354795817.18,474865567.19,582338504.58,0.33,100.0,5.683748323490229,-61.56033369600691,-17.42939663544175,70715322796.55,13145107294.27,3.6124890924016695,0.67151721636936,81.41123200117624,,0.0,-12913093418.32,-12888651475.77,-27.193155938285372,35.4144,1.7035,1.9571,3.657,,2234277.7785,2234277.7785,0.6666666666666666,0.6666666666666666,0.3333333333333333,0.3333333333333333,0.6666666666666666,1.0,0.3333333333333333,0.75,0.75
600938,600938.SH,中特估,2025-09-30,312503000000.0,101971000000.0,139415000000.0,2.14,52.23853851003031,32.63040674809522,-25.684056826775358,-26.073686347291503,1126474000000.0,785561000000.0,12.980659681425122,9.052228458002581,30.085559009795166,,0.0,171749000000.0,70374000000.0,1.6842925929921253,13.2623,2.1681,4.0163,1.5512000000000001,,163455511.751,10282610.0,0.8888888888888888,1.0,0.5555555555555556,0.3333333333333333,0.7777777777777778,0.2222222222222222,0.7777777777777778,0.6666666666666666,0.8888888888888888
600941,600941.SH,5G概念,2025-09-30,794666000000.0,115353000000.0,145704000000.0,5.34,31.086141850790145,14.515909828783414,-23.6455317705636,-16.636193477051165,2073824000000.0,1366488000000.0,8.441566995099848,5.562333158455105,33.95519581218078,,0.0,161047000000.0,19206000000.0,1.396123204424679,14.037,1.4673,1.9207,1.0313,,200511032.1737,8360533.2163,0.42857142857142855,0.5714285714285714,0.2857142857142857,0.2857142857142857,0.7142857142857143,0.42857142857142855,0.6428571428571429,0.07142857142857142,0.25
600959,600959.SH,5G概念,2025-09-30,5802820006.85,312787577.36,87643214.43,0.0625,23.953494713935395,5.390268472755774,-27.280529604849203,-14.401900326530793,36717952718.66,22735887111.76,1.375743888164419,0.8518655159143497,35.49425269216269,,0.0,469762669.91,530901994.75,1.5018584621387663,46.0657,0.9238,2.5811,3.6201,,2100301.4281,2100301.4281,0.07142857142857142,0.07142857142857142,0.14285714285714285,0.35714285714285715,0.35714285714285715,0.5,0.7142857142857143,0.5,0.0625
600968,600968.SH,卫星导航,2025-09-30,33946574198.8,2852668244.89,3749985648.91,0.2806,16.156282780145382,8.403405386900104,-35.36070930179108,-21.974065833037393,48255095317.49,28616541645.89,9.968598862118998,5.911641508779807,39.29615887354201,,0.0,331062495.45,1457845535.6000001,0.11605362665042948,11.4946,1.5345,0.8319,4.1245,,4391325.014,4391325.014,1.0,1.0,1.0,1.0,1.0,1.0,1.0,1.0,1.0
600970,600970.SH,中俄贸易,2025-09-30,32997818971.31,2073763075.31,2555050397.92,0.79,17.1836615990893,6.284545888057134,-28.463604900584816,-30.483446397293402,60854905026.3,22157584394.58,9.359156839394759,3.4077172159150857,60.7307703240319,,0.0,-629110632.1,-530061022.1,-0.30336668619001056,9.2816,1.2554,0.5869,1.4503,,2781750.515,2389220.1062,0.875,0.625,0.375,0.5,0.5,0.75,0.375,0.375,0.625
600989,600989.SH,POE胶膜,2025-09-30,35544878786.29,8949887030.72,10731051990.53,1.22,37.313044641484666,25.179118163632776,7.767630099649292,41.21716841701812,90286181659.86,45955051978.98,19.475306076932974,9.912798244627723,49.100680597935856,,0.0,13581792234.85,10057519939.310001,1.5175378402242663,15.7093,3.6751,3.8164,2.9144,,16888728.08,16888728.08,1.0,1.0,1.0,1.0,1.0,0.5,0.5,1.0,1.0
600999,600999.SH,含H股,2025-09-30,18243581542.77,8871429271.43,9976823967.43,0.97,100.0,48.62767352250403,-12.674194876169388,-14.58176144854516,745632156428.66,134636231051.01,6.589184205601282,1.189786303466486,81.93311169215126,,0.0,-16335418825.86,-5796696497.52,-1.8413514131784166,11.8855,1.2086000000000001,5.8711,1.1534,,14618861.5609,12476390.8622,0.2,0.2,0.8,0.2,1.0,1.0,0.2,0.5,0.3333333333333333
601089,601089.SH,创新药,2025-09-30,2520605126.57,375340383.05,422648243.33,0.78,65.95459412646053,14.890883902976002,-26.846585607004215,-23.192214472839158,4793008534.64,3685349376.74,10.184662149508876,7.83099759446165,22.818324469813316,,0.0,314171729.27,1165479604.0,0.8370315144804134,26.2874,3.303,3.5601000000000003,2.8964,,1217280.0,1217280.0,0.3333333333333333,0.3333333333333333,0.3333333333333333,0.3333333333333333,0.3333333333333333,0.6666666666666666,0.6666666666666666,1.0,0.42857142857142855
601107,601107.SH,充电桩,2025-09-30,6086278164.99,1299811338.42,1642234792.82,0.4032,39.33863769672009,21.356423469056736,-41.26447047529537,-10.906000985969634,62847113967.2,20006219439.97,6.497036295738787,2.0682116590085164,66.3757069101713,,0.0,2557793484.41,1055759535.06,1.9678190278899657,11.887599999999999,1.0242,2.1398,2.5924,,1944926.16,1375502.64,1.0,1.0,1.0,1.0,1.0,1.0,1.0,1.0,1.0
601117,601117.SH,中俄贸易,2025-09-30,135845434271.03,4232300672.49,5480936922.92,0.69,9.72988503036427,3.105131442044673,-26.9033884328305,-25.591598941991943,242597745616.56,65527374817.63,6.458828366417799,1.7445754335983814,70.14482448024201,,0.0,-5575276274.08,-10479245498.130001,-1.3173157356988732,8.3429,0.7817,0.2706,2.8923,,5074639.5806,5059183.9778,0.375,0.25,0.5,0.625,0.25,1.0,0.25,0.125,0.125
601126,601126.SH,东数西算,2025-09-30,6131570784.23,703980236.25,779571698.85,0.86,30.76503230806118,11.481238022410038,-11.787822216151467,-1.6220805354946966,11853807556.43,4729392500.35,14.88521488114809,5.93885325789798,60.09600358591807,,0.0,427799213.85,-72205332.26999998,0.6076863977443799,42.5625,7.2943,4.3175,5.2476,,3449379.69,3415853.556,1.0,1.0,1.0,1.0,1.0,1.0,1.0,1.0,0.5
601138,601138.SH,5G概念,2025-09-30,603931430000.0,22486768000.0,26297649000.0,1.13,6.763284533808747,3.723397538690775,-0.8543252880704233,-3.143031784893735,447338382000.0,161528144000.0,13.92126934857866,5.026791553066421,63.81584265666701,,0.0,-4140570000.0,-11423364000.0,-0.1841336202694847,35.5745,7.0154,1.3998,2.1283,,108723621.901,108723621.901,0.6428571428571429,0.5,0.7857142857142857,0.5,0.14285714285714285,0.8571428571428571,0.14285714285714285,0.35714285714285715,0.6875
601139,601139.SH,POE胶膜,2025-09-30,22528430308.74,917536360.94,1287205603.68,0.32,15.4027159749954,4.072793125689,-20.529368579279105,-37.02885443524181,47145932811.65,16016731653.23,5.728611684362995,1.9461622800117175,59.942443212061555,,0.0,1574638524.82,200293608.5,1.7161592628403415,13.7623,1.2259,0.6498,2.112,,1936047.6534,1936047.6534,0.5,0.5,0.5,0.5,0.5,1.0,1.0,0.5,0.5
601163,601163.SH,大飞机,2025-09-30,7319825112.81,682414199.04,766219849.4,0.85,16.733080234205218,9.322821085516736,-27.924216813460156,-38.112398246347745,19224892487.06,13712854930.96,4.976456051462262,3.549638571447529,28.662808969771703,,0.0,538739349.69,567293483.1800001,0.7894609321551084,13.4529,0.8844,1.2295,1.5107,,1212800.0,1212800.0,1.0,1.0,1.0,1.0,1.0,1.0,1.0,1.0,1.0
601186,601186.SH,PPP概念,2025-09-30,728403247000.0,14811266000.0,20239928000.0,0.96,8.772392526141498,2.033388244904405,-31.74448921691756,-33.32785657162339,2066069527000.0,341309992000.0,4.339534835534495,0.7168812959313349,79.13757376665475,,0.0,-79756621000.0,-123315360000.0,-5.38486183422808,4.5645,0.3568,0.0939,1.2607,,9736531.2555,8247827.0235,0.14285714285714285,0.14285714285714285,0.75,0.625,0.125,1.0,0.125,0.2222222222222222,0.1111111111111111
601326,601326.SH,含H股,2025-09-30,5212165467.18,1390654837.52,1704342037.22,0.25,42.85487645825848,26.680941851840373,-24.080403098285885,-11.134463066661304,28126153473.23,20282673904.73,6.856368366676219,4.944347753928037,24.26692960410053,,0.0,1838178048.63,3536412533.49,1.3218075391792279,11.6468,0.9284,2.6869,3.8031,,1882957.844,1603297.383,0.4,0.6,0.2,0.6,0.8,0.2,1.0,0.3333333333333333,0.16666666666666666
601339,601339.SH,未知,2025-09-30,5724384401.21,549794940.75,612269074.87,0.37,13.366928560357694,9.604437826254056,-27.918045732761577,34.03890859818759,13546358657.5,9175006093.41,5.992311450832641,4.058617925678527,32.26957645676819,,0.0,597107493.18,887253766.8499999,1.0860549068812069,18.7958,1.1212,1.3551,2.1291,,1028704.334,1028704.334,0.5,0.8333333333333334,0.3333333333333333,1.0,0.5,0.5,0.16666666666666666,0.5714285714285714,0.375
601528,601528.SH,数字货币,2025-09-30,3356440000.0,1525945000.0,1541483000.0,0.78,100.0,45.46319910381237,-23.45573489053279,-20.5941705902678,230265090000.0,19304200000.0,7.904730576765679,0.6626905537439479,91.49991255730515,,0.0,3102638000.0,2420240000.0,2.03325676875641,5.3504,0.556,2.4287,0.9341,,1073302.2831,948747.7263,1.0,1.0,1.0,1.0,1.0,1.0,1.0,1.0,1.0
601598,601598.SH,中俄贸易,2025-09-30,75037589114.89,2679296444.72,3596451401.8,0.3684,5.711947868364402,3.5706057141811036,-28.955652632482554,-31.609625319589117,81765947044.82,39778730271.54,6.735500169136678,3.2767876378308727,48.01852684558047,,0.0,582310190.23,1499776733.94,0.21733697716709896,11.1266,1.0968,0.4427,2.0672,,4196644.4678,3017120.0828,0.5,0.5,0.25,0.375,0.375,0.375,0.5,0.625,0.375
601601,601601.SH,中特估,2025-09-30,344904000000.0,45700000000.0,60210000000.0,4.75,100.0,13.250063785865052,-14.646525889098694,1.6459074733096157,3077640000000.0,284185000000.0,16.08107394830832,1.4849040173639543,89.7417176797806,,0.0,169397000000.0,10709000000.0,3.7067177242888403,7.8819,1.4519,0.9411,0.7479,,41261644.5005,29358382.8005,1.0,0.2222222222222222,1.0,0.8888888888888888,0.5555555555555556,0.8888888888888888,1.0,0.3333333333333333,0.5555555555555556
601668,601668.SH,PPP概念,2025-09-30,1558219881000.0,38182402000.0,61258178000.0,0.92,8.720122279071346,2.450386011985429,-28.755621672449738,-17.331023539711808,3412521637000.0,491199493000.0,7.773298332781462,1.118891132762655,76.06634782488854,,0.0,-69478983000.0,-82018121000.0,-1.8196598265347477,4.6254,0.4285,0.0975,1.3628,,20660195.222,20660195.222,0.7142857142857143,0.5714285714285714,0.875,0.875,0.5,0.7142857142857143,0.375,0.3333333333333333,0.2222222222222222
601686,601686.SH,含可转债,2025-09-30,37992130736.81,501515291.15,661080698.6,0.36,3.3051666197636247,1.3200504457732072,-30.699256935421893,18.06545228308769,26743356844.41,6910886661.82,7.256887801686574,1.875289231893223,71.44363260554444,,0.0,408077379.65,-96764866.52000004,0.8136888083995562,10.8306,1.401,0.1696,1.0402,,894434.7262,894434.7262,1.0,1.0,0.5,1.0,0.5,0.5,0.5,1.0,1.0
601717,601717.SH,中俄贸易,2025-09-30,30744809498.94,3644970525.7,4356389558.05,2.075,23.217343534043913,11.846948623557694,-16.961054260057807,-7.343102358926856,47963503839.41,23158669924.33,15.739118600549126,7.599466748517755,50.216680150147006,,0.0,877673238.98,2260403377.16,0.2407902156661327,9.7207,1.8973,1.1004,1.545,,4393869.2277,3795269.8615,1.0,1.0,1.0,1.0,0.875,0.5,0.75,0.5,1.0
601728,601728.SH,5G概念,2025-09-30,394269976324.05,30773321357.4,39843463240.55,0.34,30.31232007921469,7.805139423577982,-24.695687380983912,-6.781606111782324,876049386119.96,458122601289.61,6.717267663890287,3.512738190902188,46.8940789004475,,0.0,87311582156.6,3920021541.810013,2.8372492245008956,15.0448,1.1325,0.9866,0.7356,,51884547.6423,44016056.1723,0.35714285714285715,0.35714285714285715,0.21428571428571427,0.42857142857142855,0.42857142857142855,0.7142857142857143,0.9285714285714286,0.21428571428571427,0.125
601778,601778.SH,BIPV概念,2025-09-30,3122076664.65,355688444.2,490165850.21,0.1,42.9316760877895,11.392687701340428,-34.611926083886125,9.65279447434584,42337898473.4,16106890268.73,2.2082999155369882,0.8401183266653431,61.66169558907608,,0.0,3272690993.67,1996505385.29,9.20100455057179,34.604,1.0066,3.9745,6.9115,,1592666.285,1592666.285,0.25,0.5,0.5,1.0,1.0,0.25,1.0,1.0,0.6
601801,601801.SH,ETC概念,2025-09-30,6851421878.5,955751855.82,953226315.54,0.49,24.41817227136322,13.949686251538276,-36.25890336385812,35.57152862633155,19842723325.55,12169658671.84,7.853563370939594,4.816636507698262,37.83180451255889,,0.0,714957016.5,-2175760717.83,0.7480571574580863,15.7326,1.1152,1.4416,2.5672,,1335309.1036,1335309.1036,1.0,1.0,0.5,1.0,1.0,1.0,0.5,1.0,0.5
601808,601808.SH,中特估,2025-09-30,34853711767.0,3209376305.0,4199708400.0,0.67,18.201790984013908,9.208133487919309,-27.841468357538023,2.307447129646323,83902243153.0,45974726236.0,6.9807404366595955,3.825137665446607,44.2555980300657,,0.0,1986367517.0,4656542873.0,0.6189263359068765,19.323,1.6398000000000001,1.5232,3.5801,,7539115.36,4677539.44,0.4444444444444444,0.6666666666666666,0.3333333333333333,1.0,0.3333333333333333,0.5555555555555556,0.2222222222222222,0.7777777777777778,0.7777777777777778
601838,601838.SH,未知,2025-09-30,17760713000.0,9492539000.0,11259492000.0,2.24,100.0,53.44683515802547,-22.717437357404492,-26.17624459690878,1385255000000.0,101812208000.0,9.323576402546932,0.6852557110423713,92.65029124601608,,0.0,57590457000.0,19186374000.0,6.0669181343368725,5.1831,0.8136,2.9361,0.6001,,6900172.7596,6900172.7596,1.0,0.5,0.5,0.5,1.0,0.8333333333333334,0.6666666666666666,0.14285714285714285,0.125
601857,601857.SH,中特估,2025-09-30,2169256000000.0,126279000000.0,183349000000.0,0.69,21.090917807764505,5.821304631634072,-26.1650773098941,-23.316694600306054,2849964000000.0,1558477000000.0,8.102718230682903,4.430898074501994,38.37781810577256,,0.0,343100000000.0,156501000000.0,2.716999659484158,12.1754,1.2378,0.6766,2.263,,192904110.6202,170665870.0202,0.5555555555555556,0.7777777777777778,0.4444444444444444,0.6666666666666666,0.2222222222222222,0.3333333333333333,0.8888888888888888,0.4444444444444444,0.4444444444444444
601872,601872.SH,上海自贸,2025-09-30,19309934744.59,3299888043.04,3803649930.55,0.41,23.366041753580255,17.08906884817163,-25.153201185213547,-35.39066710057428,77960390073.39,40776258445.5,8.0926700213324,4.232775182286243,46.73589999997502,,0.0,5803489723.4,-1013011115.5900002,1.7586929155492115,19.5366,2.4478,3.8131,7.3113,,9842862.4339,9842862.4339,1.0,1.0,1.0,1.0,1.0,1.0,1.0,1.0,1.0
601900,601900.SH,知识付费,2025-09-30,6282971678.24,850622752.18,996624691.55,0.96,35.92535170590306,13.53854188338914,-31.496398533269776,5.040373058957925,18351998663.83,8638498132.92,9.846882398902261,4.635041489276557,48.93985256952717,,0.0,-97860545.59,-1105440025.66,-0.1150457653985862,11.3911,1.4916,1.4355,3.3334,,1288558.3073,1288558.3073,1.0,1.0,1.0,1.0,1.0,1.0,1.0,1.0,1.0
601919,601919.SH,中特估,2025-09-30,167598747676.26,27069589917.56,36917049088.46,1.74,21.975268945805453,16.151427318447887,-28.333444048192312,-44.869008369871686,500032779213.65,232239574651.27,11.655890241018392,5.413563078830463,43.463357028962,,0.0,39981831734.27,22522959859.1,1.47700175200415,5.7594,0.9838,0.9665,1.4209,,21912366.3292,17967844.1647,0.7777777777777778,0.8888888888888888,0.2222222222222222,0.2222222222222222,0.6666666666666666,0.4444444444444444,0.5555555555555556,0.1111111111111111,0.3333333333333333
601958,601958.SH,OLED概念,2025-09-30,10885028204.63,2286384165.24,3008910945.96,0.709,37.84807991427742,21.004852925116676,-19.790211676920798,-23.34201338193328,22637861766.84,18078336506.02,12.647093743822307,10.099823864942497,14.8950935449178,,0.0,812414538.45,1189221759.22,0.35532722400774747,20.8887,3.5213,4.7381,3.5206,,6659711.4816,6659711.4816,1.0,1.0,1.0,1.0,1.0,1.0,1.0,0.3333333333333333,0.3333333333333333
603027,603027.SH,未知,2025-09-30,1986913782.26,259682447.8,311273506.29,0.2537,37.407021581208284,13.06963845731777,-35.35099895712358,-49.493022287259926,4463953289.58,3401876297.68,7.633506485144606,5.817320006599639,23.792296267507037,,0.0,382703395.37,132054232.27000001,1.473736090414348,32.5489,4.1659,4.9581,1.6315,,1374452.2998,1288353.4434,0.6666666666666666,1.0,0.16666666666666666,0.3333333333333333,0.6666666666666666,0.16666666666666666,0.3333333333333333,1.0,1.0
603186,603186.SH,5G概念,2025-09-30,3195673038.15,62608741.04,65259649.01,0.44,12.780249219001286,1.9591723024406993,-17.312218199746297,-164.26000823112642,6380529596.34,1516650240.31,4.1280935693652685,0.9812467773194505,75.89948487141132,,0.0,151794157.18,135828737.41,2.4244882528945997,,6.1689,2.9556,14.2451,,1252182.0612,1252182.0612,0.14285714285714285,0.14285714285714285,0.35714285714285715,0.07142857142857142,0.07142857142857142,1.0,0.8571428571428571,,0.625
603190,603190.SH,一体压铸,2025-09-30,1282586370.3,102915044.79,126646760.51,0.86,21.262275850959895,8.024024515863827,-26.515147129743745,14.222266677131469,3801155150.36,2183402292.23,4.713517300785123,2.7074676175807535,42.285382813636865,,0.0,-64526109.35,-159527839.56,-0.6269842225854022,31.1446,1.5289000000000001,1.9189,3.9544,,340990.52,110942.3362,0.5,0.5,0.5,1.0,0.5,0.5,0.5,1.0,0.5
603236,603236.SH,5G概念,2025-09-30,17876802028.53,733474744.34,724889351.37,2.8,17.708797568702042,4.102941584123552,-3.8574362930399397,24.69299974393948,14650437037.79,4522593699.03,16.218011016495133,5.0065041912950585,69.3001658958123,,0.0,-800229141.73,-1323446704.43,-1.091011173738596,25.4855,3.6477,1.059,2.705,,2459451.1154,2235864.6534,0.8571428571428571,0.42857142857142855,0.7142857142857143,0.7142857142857143,0.21428571428571427,0.9285714285714286,0.07142857142857142,0.2857142857142857,0.375
603296,603296.SH,AI手机PC,,,,,,,,,,,,,,,,,,,,22.7113,3.6301,0.5547,1.9082,,9027829.0735,5076634.1525,,,,,,,,0.5,0.6666666666666666
603299,603299.SH,NMN概念,,,,,,,,,,,,,,,,,,,,16.8733,1.435,1.8977,3.5138,,883273.7683,878978.2066,,,,,,,,0.3333333333333333,0.6666666666666666
603367,603367.SH,创新药,,,,,,,,,,,,,,,,,,,,15.7564,1.2797,2.1792,1.7183000000000002,,776473.3312,776473.3312,,,,,,,,0.75,0.14285714285714285
603368,603368.SH,冷链物流,,,,,,,,,,,,,,,,,,,,9.0358,0.9241,0.3385,1.2905,,709022.2687,709022.2687,,,,,,,,0.16666666666666666,0.16666666666666666
603444,603444.SH,IP经济,,,,,,,,,,,,,,,,,,,,20.8545,6.3256,5.8387,1.8822,,3131410.5372,3131410.5372,,,,,,,,0.8571428571428571,1.0
603489,603489.SH,锂电池,,,,,,,,,,,,,,,,,,,,87.0429,2.5686999999999998,5.0193,2.9802999999999997,,691888.4201,691888.4201,,,,,,,,1.0,1.0
603588,603588.SH,PPP概念,,,,,,,,,,,,,,,,,,,,28.3442,1.6778,1.2167,2.73,,1607012.3521,1607012.3521,,,,,,,,1.0,1.0
603611,603611.SH,互联金融,,,,,,,,,,,,,,,,,,,,12.5061,1.9727999999999999,0.9029,1.9583,,619529.9024,619529.9024,,,,,,,,0.25,1.0
603629,603629.SH,OLED概念,,,,,,,,,,,,,,,,,,,,80.2656,7.9413,4.6838999999999995,24.8674,,1507897.86,1476128.444,,,,,,,,1.0,0.6666666666666666
603658,603658.SH,基因概念,,,,,,,,,,,,,,,,,,,,18.8325,2.3637,4.901,1.1018,,2067414.8106,2067414.8106,,,,,,,,0.5,1.0
603699,603699.SH,可控核变,,,,,,,,,,,,,,,,,,,,29.5857,11.448,5.7745999999999995,1.9198,,4264831.2274,4170543.1467,,,,,,,,1.0,1.0
603816,603816.SH,免税概念,,,,,,,,,,,,,,,,,,,,18.03,2.7872,1.4618,1.1151,,2878366.1226,2845830.4734,,,,,,,,1.0,1.0
603897,603897.SH,工业互联,,,,,,,,,,,,,,,,,,,,21.0016,2.2895,0.4261,2.4928,,550563.9612,550563.9612,,,,,,,,1.0,1.0
603899,603899.SH,IP经济,,,,,,,,,,,,,,,,,,,,18.628,2.7602,1.0079,1.7355,,2463595.7585,2463595.7585,,,,,,,,0.5714285714285714,0.42857142857142855
603929,603929.SH,OLED概念,,,,,,,,,,,,,,,,,,,,48.9832,16.778,7.6915,7.1594,,3131698.08,3131698.08,,,,,,,,0.6666666666666666,1.0
605060,605060.SH,风电,,,,,,,,,,,,,,,,,,,,65.0131,5.8867,12.0931,11.3322,,1423823.456,1414049.2872,,,,,,,,1.0,1.0
605088,605088.SH,人形机器,,,,,,,,,,,,,,,,,,,,24.217,2.5484,1.7207,4.0306,,731841.0513,720972.0633,,,,,,,,0.4,0.3333333333333333
605099,605099.SH,体育概念,,,,,,,,,,,,,,,,,,,,26.2377,5.5257,5.2431,4.6714,,1660443.4853,1655962.0853,,,,,,,,1.0,1.0
605266,605266.SH,家庭医生,,,,,,,,,,,,,,,,,,,,24.7338,1.2046000000000001,0.3478,1.0626,,316349.3736,316349.3736,,,,,,,,1.0,1.0
605287,605287.SH,BIPV概念,,,,,,,,,,,,,,,,,,,,,5.4651,2.716,17.8854,,848680.0,848680.0,,,,,,,,,1.0
605377,605377.SH,未知,,,,,,,,,,,,,,,,,,,,18.5701,1.2901,1.4821,2.1565,,495436.5385,495436.5385,,,,,,,,0.42857142857142855,0.5
605507,605507.SH,合成生物,,,,,,,,,,,,,,,,,,,,18.2828,1.9295,2.6856999999999998,0.8776,,1595999.916,1595999.916,,,,,,,,1.0,1.0
605599,605599.SH,IP经济,,,,,,,,,,,,,,,,,,,,24.2608,4.7295,0.7766,4.0672,,1969333.3896,1969333.3896,,,,,,,,1.0,0.7142857142857143
688062,688062.SH,创新药,,,,,,,,,,,,,,,,,,,,,19.1216,23.3032,2.3989,,1455343.2,743587.14,,,,,,,,,1.0
688160,688160.SH,人形机器,,,,,,,,,,,,,,,,,,,,194.104,9.3563,17.9581,5.0883,,1184906.1273,1184906.1273,,,,,,,,1.0,1.0
688183,688183.SH,5G概念,,,,,,,,,,,,,,,,,,,,54.5514,13.3265,8.2461,2.9759,,6874170.1902,6874170.1902,,,,,,,,0.6428571428571429,0.875
688236,688236.SH,含H股,,,,,,,,,,,,,,,,,,,,33.45,2.941,8.107,3.0518,,854207.0495,642329.156,,,,,,,,1.0,1.0
688257,688257.SH,工业母机,,,,,,,,,,,,,,,,,,,,63.3081,5.7997,5.8252,4.1467,,1337765.0712,1337765.0712,,,,,,,,1.0,1.0
688298,688298.SH,基因概念,,,,,,,,,,,,,,,,,,,,,0.7816,5.9035,1.3327,,497145.6,497145.6,,,,,,,,,0.3333333333333333
688302,688302.SH,创新药,,,,,,,,,,,,,,,,,,,,,4.0563,189.1491,0.7864,,446560.347,446560.347,,,,,,,,,0.7142857142857143
688312,688312.SH,5G概念,,,,,,,,,,,,,,,,,,,,57.1941,4.7946,12.035,11.0089,,708739.6522,708739.6522,,,,,,,,0.7857142857142857,0.4375
688316,688316.SH,东数西算,,,,,,,,,,,,,,,,,,,,,114.4276,19.5582,23.1938,,436735.1402,436735.1402,,,,,,,,,1.0
688333,688333.SH,3D打印,,,,,,,,,,,,,,,,,,,,131.4677,5.6957,16.584,2.5682,,2809059.0618,2809059.0618,,,,,,,,1.0,1.0
688369,688369.SH,AIGC概念,,,,,,,,,,,,,,,,,,,,,3.6447000000000003,3.9329,5.0528,,308323.558,308323.558,,,,,,,,,0.6666666666666666
688372,688372.SH,MCU芯片,,,,,,,,,,,,,,,,,,,,69.8544,6.6173,13.2243,4.4089,,1876587.8834,1876587.8834,,,,,,,,1.0,1.0
688443,688443.SH,创新药,,,,,,,,,,,,,,,,,,,,,5.8207,46.2172,2.3475,,1040637.84,331137.84,,,,,,,,,0.8571428571428571
688499,688499.SH,人形机器,,,,,,,,,,,,,,,,,,,,,4.3521,3.8595,2.5497,,997185.4941,997185.4941,,,,,,,,,0.6666666666666666
688508,688508.SH,三代半导,,,,,,,,,,,,,,,,,,,,42.8757,3.3511,8.0079,5.0797,,908667.5943,908667.5943,,,,,,,,0.5,0.5
688595,688595.SH,AI手机PC,,,,,,,,,,,,,,,,,,,,,7.7406,7.3405000000000005,3.8946,,520707.9644,520707.9644,,,,,,,,,1.0
688677,688677.SH,未知,,,,,,,,,,,,,,,,,,,,27.3955,2.9539,8.4521,1.0724,,371732.348,371732.348,,,,,,,,0.8571428571428571,0.875
